timestamp,time_index,rms
2004-02-12 10:32:39,0,0.07417899856512641
2004-02-12 10:42:39,1,0.0753824568113952
2004-02-12 10:52:39,2,0.07622977446919957
2004-02-12 11:02:39,3,0.07872367646603015
2004-02-12 11:12:39,4,0.0784742907367801
2004-02-12 11:22:39,5,0.07831464139380748
2004-02-12 11:32:39,6,0.07863244325857206
2004-02-12 11:42:39,7,0.07777288022464862
2004-02-12 11:52:39,8,0.07902942984262298
2004-02-12 12:02:39,9,0.07571755989830327
2004-02-12 12:12:39,10,0.07924111648011849
2004-02-12 12:22:39,11,0.07763890808626901
2004-02-12 12:32:39,12,0.07740458087623138
2004-02-12 12:42:39,13,0.07986468720103294
2004-02-12 12:52:39,14,0.07921698007145116
2004-02-12 13:02:39,15,0.07866177721938732
2004-02-12 13:12:39,16,0.07845338360094839
2004-02-12 13:22:39,17,0.07762277416041902
2004-02-12 13:32:39,18,0.07782555832949042
2004-02-12 13:42:39,19,0.0789331606338952
2004-02-12 13:52:39,20,0.0790285478605875
2004-02-12 14:02:39,21,0.07936328499916957
2004-02-12 14:12:39,22,0.07948672040475169
2004-02-12 14:22:39,23,0.07975294340914277
2004-02-12 14:32:39,24,0.07938138784581789
2004-02-12 14:42:39,25,0.07759187944533502
2004-02-12 14:52:39,26,0.07774099563514603
2004-02-12 15:02:39,27,0.07751394405806944
2004-02-12 15:12:39,28,0.07827954401833741
2004-02-12 15:22:39,29,0.07886118143611615
2004-02-12 15:32:39,30,0.07858236746600702
2004-02-12 15:42:39,31,0.08023091764702943
2004-02-12 15:52:39,32,0.07742107025313374
2004-02-12 16:02:39,33,0.0790161246152887
2004-02-12 16:12:39,34,0.07823475415576206
2004-02-12 16:22:39,35,0.07812870584960675
2004-02-12 16:32:39,36,0.07686189103169928
2004-02-12 16:42:39,37,0.07986518700725126
2004-02-12 16:52:39,38,0.07742917473155342
2004-02-12 17:02:39,39,0.07846125605145453
2004-02-12 17:12:39,40,0.07859596045599299
2004-02-12 17:22:39,41,0.07866142681365153
2004-02-12 17:32:39,42,0.07762854039078118
2004-02-12 17:42:39,43,0.07820874324224428
2004-02-12 17:52:39,44,0.07808856431612242
2004-02-12 18:02:39,45,0.0764822624835942
2004-02-12 18:12:39,46,0.078913275367944
2004-02-12 18:22:39,47,0.07732266473953085
2004-02-12 18:32:39,48,0.07824754763529387
2004-02-12 18:42:39,49,0.07696982655053072
2004-02-12 18:52:39,50,0.07847964256337464
2004-02-12 19:02:39,51,0.0785395635148899
2004-02-12 19:12:39,52,0.07938090836770104
2004-02-12 19:22:39,53,0.07691333012919492
2004-02-12 19:32:39,54,0.07662792325938945
2004-02-12 19:42:39,55,0.07833920727505732
2004-02-12 19:52:39,56,0.07738031364276804
2004-02-12 20:02:39,57,0.07742347280137367
2004-02-12 20:12:39,58,0.07599751100981866
2004-02-12 20:22:39,59,0.078128858967194
2004-02-12 20:32:39,60,0.07866328497045989
2004-02-12 20:42:39,61,0.077126326340905
2004-02-12 20:52:39,62,0.07930147000233549
2004-02-12 21:02:39,63,0.07694261984132658
2004-02-12 21:12:39,64,0.07719940160015436
2004-02-12 21:22:39,65,0.07699636792620938
2004-02-12 21:32:39,66,0.07744607215215601
2004-02-12 21:42:39,67,0.07664165646604604
2004-02-12 21:52:39,68,0.07695564843578352
2004-02-12 22:02:39,69,0.07732470598877213
2004-02-12 22:12:39,70,0.07577292447823572
2004-02-12 22:22:39,71,0.076689131247932
2004-02-12 22:32:39,72,0.07740031675131026
2004-02-12 22:42:39,73,0.07795509180220801
2004-02-12 22:52:39,74,0.0788204118500962
2004-02-12 23:02:39,75,0.0775606227109642
2004-02-12 23:12:39,76,0.07689052656974031
2004-02-12 23:22:39,77,0.07824627430976765
2004-02-12 23:32:39,78,0.07672532972039393
2004-02-12 23:42:39,79,0.07738254866499705
2004-02-12 23:52:39,80,0.07699061808712485
2004-02-13 00:02:39,81,0.0748226248892174
2004-02-13 00:12:39,82,0.07733855853789091
2004-02-13 00:22:39,83,0.07679397533945986
2004-02-13 00:32:39,84,0.07772176530891714
2004-02-13 00:42:39,85,0.07735897861441579
2004-02-13 00:52:39,86,0.07689176995692967
2004-02-13 01:02:39,87,0.0749221806563112
2004-02-13 01:12:39,88,0.07763068115281517
2004-02-13 01:22:39,89,0.07778453061583009
2004-02-13 01:32:39,90,0.07858931119423572
2004-02-13 01:42:39,91,0.0759905331788938
2004-02-13 01:52:39,92,0.07671097179256321
2004-02-13 02:02:39,93,0.075044292910504
2004-02-13 02:12:39,94,0.07824627774193993
2004-02-13 02:22:39,95,0.07745035456261667
2004-02-13 02:32:39,96,0.07831602988602905
2004-02-13 02:42:39,97,0.07656014919860425
2004-02-13 02:52:39,98,0.07768020380058246
2004-02-13 03:02:39,99,0.07571563009461801
2004-02-13 03:12:39,100,0.07794620572117775
2004-02-13 03:22:39,101,0.07659392690463071
2004-02-13 03:32:39,102,0.07639991985536554
2004-02-13 03:42:39,103,0.07663180186215558
2004-02-13 03:52:39,104,0.0772828175386921
2004-02-13 04:02:39,105,0.0776406155665123
2004-02-13 04:12:39,106,0.07682055045790995
2004-02-13 04:22:39,107,0.07606189688801596
2004-02-13 04:32:39,108,0.07604057915175556
2004-02-13 04:42:39,109,0.07735977517064786
2004-02-13 04:52:39,110,0.07650372776099303
2004-02-13 05:02:39,111,0.07627544849405174
2004-02-13 05:12:39,112,0.07797731008871693
2004-02-13 05:22:39,113,0.07606533254021265
2004-02-13 05:32:39,114,0.07680503453601302
2004-02-13 05:42:39,115,0.07551238321978239
2004-02-13 05:52:39,116,0.07894839654107169
2004-02-13 06:02:39,117,0.07721538210988149
2004-02-13 06:12:39,118,0.07775822278664521
2004-02-13 06:22:39,119,0.07727334295376394
2004-02-13 06:32:39,120,0.07669008183816074
2004-02-13 06:42:39,121,0.07812782526141487
2004-02-13 06:52:39,122,0.077818367625155
2004-02-13 07:02:39,123,0.07918462868462497
2004-02-13 07:12:39,124,0.07639264641168847
2004-02-13 07:22:39,125,0.07713871940374721
2004-02-13 07:32:39,126,0.07619743481420893
2004-02-13 07:42:39,127,0.07634856558440943
2004-02-13 07:52:39,128,0.07635209961248231
2004-02-13 08:02:39,129,0.07497011253451283
2004-02-13 08:12:39,130,0.07599478131496534
2004-02-13 08:22:39,131,0.07637512818371019
2004-02-13 08:32:39,132,0.07615866423902062
2004-02-13 08:42:39,133,0.07675040716504411
2004-02-13 08:52:39,134,0.07775600390052324
2004-02-13 09:02:39,135,0.07829207447616443
2004-02-13 09:12:39,136,0.07771044198155609
2004-02-13 09:22:39,137,0.07647514372279338
2004-02-13 09:32:39,138,0.07780436422076141
2004-02-13 09:42:39,139,0.07521345503538188
2004-02-13 09:52:39,140,0.07678708292099426
2004-02-13 10:02:39,141,0.07742113016796144
2004-02-13 10:12:39,142,0.07658231248752899
2004-02-13 10:22:39,143,0.07677764732593888
2004-02-13 10:32:39,144,0.07591135480982131
2004-02-13 10:42:39,145,0.07588479877779812
2004-02-13 10:52:39,146,0.07605698161986857
2004-02-13 11:02:39,147,0.07562556107746442
2004-02-13 11:12:39,148,0.07621096753266983
2004-02-13 11:22:39,149,0.07680135350624127
2004-02-13 11:32:39,150,0.07515800641138932
2004-02-13 11:42:39,151,0.07893970887151004
2004-02-13 11:52:39,152,0.0769239827433144
2004-02-13 12:02:39,153,0.07649164163641925
2004-02-13 12:12:39,154,0.07650745183017747
2004-02-13 12:22:39,155,0.07739848852135692
2004-02-13 12:32:39,156,0.07848006315300732
2004-02-13 12:42:39,157,0.07904600278724205
2004-02-13 12:52:39,158,0.07668485440118698
2004-02-13 13:02:39,159,0.07731124506358215
2004-02-13 13:12:39,160,0.07651273988842912
2004-02-13 13:22:39,161,0.07853164575357935
2004-02-13 13:32:39,162,0.07695335881944197
2004-02-13 13:42:39,163,0.07736240147584228
2004-02-13 13:52:39,164,0.07617467014102394
2004-02-13 14:02:39,165,0.07762221305131935
2004-02-13 14:12:39,166,0.07725341473288183
2004-02-13 14:22:39,167,0.0776863661421684
2004-02-13 14:32:39,168,0.07781753999741978
2004-02-13 14:42:39,169,0.0772822912384369
2004-02-13 14:52:39,170,0.07638785118455535
2004-02-13 15:02:39,171,0.07818466596582457
2004-02-13 15:12:39,172,0.0761614441576045
2004-02-13 15:22:39,173,0.07534258573084264
2004-02-13 15:32:39,174,0.07689426810105475
2004-02-13 15:42:39,175,0.07548419678875704
2004-02-13 15:52:39,176,0.07826301839839925
2004-02-13 16:02:39,177,0.07547406975298301
2004-02-13 16:12:39,178,0.07556067544581753
2004-02-13 16:22:39,179,0.0766782479647096
2004-02-13 16:32:39,180,0.07675079237935858
2004-02-13 16:42:39,181,0.07611983831535825
2004-02-13 16:52:39,182,0.07516506282789828
2004-02-13 17:02:39,183,0.07809152470318895
2004-02-13 17:12:39,184,0.07635685583884254
2004-02-13 17:22:39,185,0.0778680606107618
2004-02-13 17:32:39,186,0.07661025105301685
2004-02-13 17:42:39,187,0.07899964213229876
2004-02-13 17:52:39,188,0.07538985427067182
2004-02-13 18:02:39,189,0.07723122433134673
2004-02-13 18:12:39,190,0.07531071120800983
2004-02-13 18:22:39,191,0.07813312239027165
2004-02-13 18:32:39,192,0.07744816468381059
2004-02-13 18:42:39,193,0.07761624000742784
2004-02-13 18:52:39,194,0.0777373661484821
2004-02-13 19:02:39,195,0.076578403322796
2004-02-13 19:12:39,196,0.07618282421306119
2004-02-13 19:22:39,197,0.07527411495867965
2004-02-13 19:32:39,198,0.07653573894552493
2004-02-13 19:42:39,199,0.07660493658109617
2004-02-13 19:52:39,200,0.0786412688727867
2004-02-13 20:02:39,201,0.07702684539892171
2004-02-13 20:12:39,202,0.07654619086497723
2004-02-13 20:22:39,203,0.07741179487861136
2004-02-13 20:32:39,204,0.07589032163569234
2004-02-13 20:42:39,205,0.07564360372930597
2004-02-13 20:52:39,206,0.07589364120524611
2004-02-13 21:02:39,207,0.07722140418091299
2004-02-13 21:12:39,208,0.07669429791080465
2004-02-13 21:22:39,209,0.0766944507088438
2004-02-13 21:32:39,210,0.07644350191072481
2004-02-13 21:42:39,211,0.0780629960202417
2004-02-13 21:52:39,212,0.07733820308392252
2004-02-13 22:02:39,213,0.07694966711774177
2004-02-13 22:12:39,214,0.07891612654772735
2004-02-13 22:22:39,215,0.07747811939105835
2004-02-13 22:32:39,216,0.07688436331443275
2004-02-13 22:42:39,217,0.07743250463104968
2004-02-13 22:52:39,218,0.07765237980798648
2004-02-13 23:02:39,219,0.07845143800466668
2004-02-13 23:12:39,220,0.07746541157338803
2004-02-13 23:22:39,221,0.07702369416543632
2004-02-13 23:32:39,222,0.0760276339435003
2004-02-13 23:42:39,223,0.077402107718698
2004-02-13 23:52:39,224,0.07756348867470228
2004-02-14 00:02:39,225,0.07700327870708283
2004-02-14 00:12:39,226,0.07633698995347071
2004-02-14 00:22:39,227,0.0764212568340364
2004-02-14 00:32:39,228,0.07821621550028811
2004-02-14 00:42:39,229,0.07762020636114599
2004-02-14 00:52:39,230,0.07717074242436796
2004-02-14 01:02:39,231,0.07785537630209399
2004-02-14 01:12:39,232,0.07614514595135514
2004-02-14 01:22:39,233,0.07811579383257802
2004-02-14 01:32:39,234,0.07646615334526731
2004-02-14 01:42:39,235,0.0778473340704423
2004-02-14 01:52:39,236,0.07809616123978612
2004-02-14 02:02:39,237,0.07853328688166263
2004-02-14 02:12:39,238,0.07740059716440362
2004-02-14 02:22:39,239,0.07708260173498556
2004-02-14 02:32:39,240,0.0778543530765545
2004-02-14 02:42:39,241,0.0761950705067678
2004-02-14 02:52:39,242,0.07689889872423417
2004-02-14 03:02:39,243,0.07566271754419004
2004-02-14 03:12:39,244,0.07709097519834127
2004-02-14 03:22:39,245,0.07812214182271753
2004-02-14 03:32:39,246,0.07616692644182115
2004-02-14 03:42:39,247,0.07731350987113318
2004-02-14 03:52:39,248,0.07587677323658978
2004-02-14 04:02:39,249,0.0762042431228202
2004-02-14 04:12:39,250,0.07576237683798362
2004-02-14 04:22:39,251,0.07609244608739131
2004-02-14 04:32:39,252,0.07861822245728912
2004-02-14 04:42:39,253,0.07654723636116
2004-02-14 04:52:39,254,0.0765500541542307
2004-02-14 05:02:39,255,0.07695157390568799
2004-02-14 05:12:39,256,0.07666247331291355
2004-02-14 05:22:39,257,0.07718117604407758
2004-02-14 05:32:39,258,0.07548532620752377
2004-02-14 05:42:39,259,0.07848934759282244
2004-02-14 05:52:39,260,0.07744872989093343
2004-02-14 06:02:39,261,0.0774396340631084
2004-02-14 06:12:39,262,0.07724679940022235
2004-02-14 06:22:39,263,0.0756460588577034
2004-02-14 06:32:39,264,0.07614973556462655
2004-02-14 06:42:39,265,0.07858716579030693
2004-02-14 06:52:39,266,0.07790162973915019
2004-02-14 07:02:39,267,0.07770594612061595
2004-02-14 07:12:39,268,0.07785898335492525
2004-02-14 07:22:39,269,0.07571334102894713
2004-02-14 07:32:39,270,0.07639177457459836
2004-02-14 07:42:39,271,0.07736211145685293
2004-02-14 07:52:39,272,0.07842339670271023
2004-02-14 08:02:39,273,0.07628107301034374
2004-02-14 08:12:39,274,0.07822402755118227
2004-02-14 08:22:39,275,0.07825938535718505
2004-02-14 08:32:39,276,0.0788327981147046
2004-02-14 08:42:39,277,0.07697529154093861
2004-02-14 08:52:39,278,0.07868750124106445
2004-02-14 09:02:39,279,0.07629050409864281
2004-02-14 09:12:39,280,0.07758280543534621
2004-02-14 09:22:39,281,0.07689642263755281
2004-02-14 09:32:39,282,0.07679911555734642
2004-02-14 09:42:39,283,0.07762733365050957
2004-02-14 09:52:39,284,0.07806387515051817
2004-02-14 10:02:39,285,0.07614604337636337
2004-02-14 10:12:39,286,0.07774952930173036
2004-02-14 10:22:39,287,0.07605541128636129
2004-02-14 10:32:39,288,0.0769188978450884
2004-02-14 10:42:39,289,0.07625929630830305
2004-02-14 10:52:39,290,0.07750343899879965
2004-02-14 11:02:39,291,0.07689420523568836
2004-02-14 11:12:39,292,0.07765448690151493
2004-02-14 11:22:39,293,0.07698864186724248
2004-02-14 11:32:39,294,0.07813684441464291
2004-02-14 11:42:39,295,0.07653528310881796
2004-02-14 11:52:39,296,0.07844825685702825
2004-02-14 12:02:39,297,0.07781413088150362
2004-02-14 12:12:39,298,0.07730263111527177
2004-02-14 12:22:39,299,0.07812213150983971
2004-02-14 12:32:39,300,0.07923294929450951
2004-02-14 12:42:39,301,0.07538111630449985
2004-02-14 12:52:39,302,0.07695273730866842
2004-02-14 13:02:39,303,0.07620697076106746
2004-02-14 13:12:39,304,0.07855317354645072
2004-02-14 13:22:39,305,0.07703774503551014
2004-02-14 13:32:39,306,0.0778355331120934
2004-02-14 13:42:39,307,0.07702249886904008
2004-02-14 13:52:39,308,0.07605641216906861
2004-02-14 14:02:39,309,0.07764319967053222
2004-02-14 14:12:39,310,0.07824552016429619
2004-02-14 14:22:39,311,0.07848323274601834
2004-02-14 14:32:39,312,0.07779132524390596
2004-02-14 14:42:39,313,0.07653336531121187
2004-02-14 14:52:39,314,0.07771954820911005
2004-02-14 15:02:39,315,0.07693467481866138
2004-02-14 15:12:39,316,0.07840756556538812
2004-02-14 15:22:39,317,0.07637419924651849
2004-02-14 15:32:39,318,0.07685433411249512
2004-02-14 15:42:39,319,0.07689268883127412
2004-02-14 15:52:39,320,0.0781796718078584
2004-02-14 16:02:39,321,0.07825966082036649
2004-02-14 16:12:39,322,0.07600318789572276
2004-02-14 16:22:39,323,0.07756941668142765
2004-02-14 16:32:39,324,0.07732922906617389
2004-02-14 16:42:39,325,0.07651370160437374
2004-02-14 16:52:39,326,0.07876241407609211
2004-02-14 17:02:39,327,0.07563445673052673
2004-02-14 17:12:39,328,0.07764984159926297
2004-02-14 17:22:39,329,0.07831222347566939
2004-02-14 17:32:39,330,0.07748786100748722
2004-02-14 17:42:39,331,0.07663856361906692
2004-02-14 17:52:39,332,0.07512177873709477
2004-02-14 18:02:39,333,0.07500741402156957
2004-02-14 18:12:39,334,0.07638231571703559
2004-02-14 18:22:39,335,0.07788027921511997
2004-02-14 18:32:39,336,0.07527439096762518
2004-02-14 18:42:39,337,0.07918299858950179
2004-02-14 18:52:39,338,0.07800711324486327
2004-02-14 19:02:39,339,0.07825582203031742
2004-02-14 19:12:39,340,0.0775620121106736
2004-02-14 19:22:39,341,0.07689549618790721
2004-02-14 19:32:39,342,0.076751982046374
2004-02-14 19:42:39,343,0.07706073123730493
2004-02-14 19:52:39,344,0.07648439894024169
2004-02-14 20:02:39,345,0.07804829515724965
2004-02-14 20:12:39,346,0.07650581224090527
2004-02-14 20:22:39,347,0.07870505320746998
2004-02-14 20:32:39,348,0.07722064160724411
2004-02-14 20:42:39,349,0.07668115900587583
2004-02-14 20:52:39,350,0.0756051849686295
2004-02-14 21:02:39,351,0.07643147398057804
2004-02-14 21:12:39,352,0.07738588467210561
2004-02-14 21:22:39,353,0.07673222832214145
2004-02-14 21:32:39,354,0.07787403565815468
2004-02-14 21:42:39,355,0.0761019791494855
2004-02-14 21:52:39,356,0.07844877284532588
2004-02-14 22:02:39,357,0.07838618964181492
2004-02-14 22:12:39,358,0.07640125207324402
2004-02-14 22:22:39,359,0.07758806582835001
2004-02-14 22:32:39,360,0.07630787730419383
2004-02-14 22:42:39,361,0.07535862403731157
2004-02-14 22:52:39,362,0.07684732479484939
2004-02-14 23:02:39,363,0.07787287473273795
2004-02-14 23:12:39,364,0.0775552395750727
2004-02-14 23:22:39,365,0.07666440030051452
2004-02-14 23:32:39,366,0.0775650527128282
2004-02-14 23:42:39,367,0.0774949654992787
2004-02-14 23:52:39,368,0.07696251021449084
2004-02-15 00:02:39,369,0.07827452254026393
2004-02-15 00:12:39,370,0.07576478107129474
2004-02-15 00:22:39,371,0.07495237289856145
2004-02-15 00:32:39,372,0.07601210519857195
2004-02-15 00:42:39,373,0.07784616647443628
2004-02-15 00:52:39,374,0.07777190268764357
2004-02-15 01:02:39,375,0.07609426462864997
2004-02-15 01:12:39,376,0.07791981712241519
2004-02-15 01:22:39,377,0.07685402406917334
2004-02-15 01:32:39,378,0.07674329768933828
2004-02-15 01:42:39,379,0.0758298664929838
2004-02-15 01:52:39,380,0.07844448611816984
2004-02-15 02:02:39,381,0.0773195448235358
2004-02-15 02:12:39,382,0.07740247581129946
2004-02-15 02:22:39,383,0.07701573119540278
2004-02-15 02:32:39,384,0.07521198946561003
2004-02-15 02:42:39,385,0.07688848490722265
2004-02-15 02:52:39,386,0.07637173140254126
2004-02-15 03:02:39,387,0.07586469664650129
2004-02-15 03:12:39,388,0.07509883721844539
2004-02-15 03:22:39,389,0.0779951132784134
2004-02-15 03:32:39,390,0.07796534561705969
2004-02-15 03:42:39,391,0.0779880759490473
2004-02-15 03:52:39,392,0.07783362414069522
2004-02-15 04:02:39,393,0.07897315449479918
2004-02-15 04:12:39,394,0.07863142766105487
2004-02-15 04:22:39,395,0.0772709316302064
2004-02-15 04:32:39,396,0.07686496536388095
2004-02-15 04:42:39,397,0.07859432684927475
2004-02-15 04:52:39,398,0.07406587578013323
2004-02-15 05:02:39,399,0.07718297304538768
2004-02-15 05:12:39,400,0.07760990663196245
2004-02-15 05:22:39,401,0.07535483865674726
2004-02-15 05:32:39,402,0.07658680736589059
2004-02-15 05:42:39,403,0.07400668156332675
2004-02-15 05:52:39,404,0.07723644861165374
2004-02-15 06:02:39,405,0.07638222845805705
2004-02-15 06:12:39,406,0.07657197230945152
2004-02-15 06:22:39,407,0.07622631580171751
2004-02-15 06:32:39,408,0.07611128423493248
2004-02-15 06:42:39,409,0.0762350372742295
2004-02-15 06:52:39,410,0.07708552506033886
2004-02-15 07:02:39,411,0.07748513088207665
2004-02-15 07:12:39,412,0.07610651811513534
2004-02-15 07:22:39,413,0.07635003555786678
2004-02-15 07:32:39,414,0.07706156097359788
2004-02-15 07:42:39,415,0.07699595762268556
2004-02-15 07:52:39,416,0.07728027098298208
2004-02-15 08:02:39,417,0.07780435763121667
2004-02-15 08:12:39,418,0.07685029678039247
2004-02-15 08:22:39,419,0.07659630599315424
2004-02-15 08:32:39,420,0.07640399408735155
2004-02-15 08:42:39,421,0.07807795239624712
2004-02-15 08:52:39,422,0.07713057459340905
2004-02-15 09:02:39,423,0.07667752265474438
2004-02-15 09:12:39,424,0.07616845537195845
2004-02-15 09:22:39,425,0.07769009071504918
2004-02-15 09:32:39,426,0.07704597666024685
2004-02-15 09:42:39,427,0.07618983570301986
2004-02-15 09:52:39,428,0.07626676749554025
2004-02-15 10:02:39,429,0.07687972991038525
2004-02-15 10:12:39,430,0.07759393186144668
2004-02-15 10:22:39,431,0.07751806461591335
2004-02-15 10:32:39,432,0.07726790157161828
2004-02-15 10:42:39,433,0.07629958876752731
2004-02-15 10:52:39,434,0.07781444368807369
2004-02-15 11:02:39,435,0.07798443416898217
2004-02-15 11:12:39,436,0.0771727857938764
2004-02-15 11:22:39,437,0.07657231665383012
2004-02-15 11:32:39,438,0.078225835863124
2004-02-15 11:42:39,439,0.07821529157356373
2004-02-15 11:52:39,440,0.07738252216313542
2004-02-15 12:02:39,441,0.0772641964605053
2004-02-15 12:12:39,442,0.07699383884898285
2004-02-15 12:22:39,443,0.07690982601651522
2004-02-15 12:32:39,444,0.07732355197126642
2004-02-15 12:42:39,445,0.07831285446098982
2004-02-15 12:52:39,446,0.07832065126173643
2004-02-15 13:02:39,447,0.07863466597728687
2004-02-15 13:12:39,448,0.07589580999376308
2004-02-15 13:22:39,449,0.07599208397044988
2004-02-15 13:32:39,450,0.07671332879267576
2004-02-15 13:42:39,451,0.07887653617511625
2004-02-15 13:52:39,452,0.07698641253392588
2004-02-15 14:02:39,453,0.07870018792911593
2004-02-15 14:12:39,454,0.07909664714666371
2004-02-15 14:22:39,455,0.07852285259022558
2004-02-15 14:32:39,456,0.07765788699230383
2004-02-15 14:42:39,457,0.07734418592048897
2004-02-15 14:52:39,458,0.0794866337894109
2004-02-15 15:02:39,459,0.07879434639260317
2004-02-15 15:12:39,460,0.07817851729475488
2004-02-15 15:22:39,461,0.07934480601896715
2004-02-15 15:32:39,462,0.07791014863139253
2004-02-15 15:42:39,463,0.07741225186158364
2004-02-15 15:52:39,464,0.07717606759971841
2004-02-15 16:02:39,465,0.076136082616404
2004-02-15 16:12:39,466,0.07732419891781156
2004-02-15 16:22:39,467,0.07663857285733704
2004-02-15 16:32:39,468,0.07806556426631918
2004-02-15 16:42:39,469,0.0757887228918538
2004-02-15 16:52:39,470,0.07693434701094203
2004-02-15 17:02:39,471,0.07732904689791993
2004-02-15 17:12:39,472,0.07843469958895377
2004-02-15 17:22:39,473,0.07572220509038297
2004-02-15 17:32:39,474,0.07848424901692072
2004-02-15 17:42:39,475,0.07769689014549605
2004-02-15 17:52:39,476,0.07684735275206281
2004-02-15 18:02:39,477,0.07749397185477179
2004-02-15 18:12:39,478,0.07689442843925717
2004-02-15 18:22:39,479,0.07756135172397421
2004-02-15 18:32:39,480,0.0757864766238842
2004-02-15 18:42:39,481,0.0766646143011071
2004-02-15 18:52:39,482,0.07681094129826176
2004-02-15 19:02:39,483,0.07548862542369808
2004-02-15 19:12:39,484,0.0767260415323166
2004-02-15 19:22:39,485,0.07659261588817666
2004-02-15 19:32:39,486,0.07612450097332348
2004-02-15 19:42:39,487,0.07587571431912546
2004-02-15 19:52:39,488,0.07866708215291304
2004-02-15 20:02:39,489,0.07488942304220111
2004-02-15 20:12:39,490,0.07551084326884382
2004-02-15 20:22:39,491,0.07746565172555926
2004-02-15 20:32:39,492,0.0778799767044418
2004-02-15 20:42:39,493,0.0781225296484432
2004-02-15 20:52:39,494,0.07611407711044679
2004-02-15 21:02:39,495,0.07747078960606713
2004-02-15 21:12:39,496,0.07693442285428508
2004-02-15 21:22:39,497,0.07845103780085558
2004-02-15 21:32:39,498,0.07712598352037034
2004-02-15 21:42:39,499,0.07664916109445959
2004-02-15 21:52:39,500,0.07609715052720023
2004-02-15 22:02:39,501,0.07746998977930893
2004-02-15 22:12:39,502,0.07800517279271887
2004-02-15 22:22:39,503,0.07763653012948789
2004-02-15 22:32:39,504,0.07918840148460855
2004-02-15 22:42:39,505,0.07754853035710546
2004-02-15 22:52:39,506,0.07856042875899356
2004-02-15 23:02:39,507,0.07898196831150417
2004-02-15 23:12:39,508,0.07907627967862763
2004-02-15 23:22:39,509,0.07822047728316597
2004-02-15 23:32:39,510,0.07781550947995539
2004-02-15 23:42:39,511,0.07752908728341912
2004-02-15 23:52:39,512,0.08153544630347202
2004-02-16 00:02:39,513,0.07680178169726959
2004-02-16 00:12:39,514,0.07831487270697304
2004-02-16 00:22:39,515,0.07714297013854801
2004-02-16 00:32:39,516,0.07835456303769531
2004-02-16 00:42:39,517,0.07742108696622196
2004-02-16 00:52:39,518,0.07557168930630974
2004-02-16 01:02:39,519,0.07788295128949925
2004-02-16 01:12:39,520,0.07903823151498034
2004-02-16 01:22:39,521,0.076502435622992
2004-02-16 01:32:39,522,0.07822062241816044
2004-02-16 01:42:39,523,0.07962149993533889
2004-02-16 01:52:39,524,0.07955654282244448
2004-02-16 02:02:39,525,0.08010829309782458
2004-02-16 02:12:39,526,0.07790080048880697
2004-02-16 02:22:39,527,0.07848352017750712
2004-02-16 02:32:39,528,0.0781613696593867
2004-02-16 02:42:39,529,0.07782842583007515
2004-02-16 02:52:39,530,0.07946396957702014
2004-02-16 03:02:39,531,0.07711978716429188
2004-02-16 03:12:39,532,0.08226511158434338
2004-02-16 03:22:39,533,0.0843258899323974
2004-02-16 03:32:39,534,0.08428004987326904
2004-02-16 03:42:39,535,0.08309850817281259
2004-02-16 03:52:39,536,0.08266808841262165
2004-02-16 04:02:39,537,0.08427124871137945
2004-02-16 04:12:39,538,0.08598723191692198
2004-02-16 04:22:39,539,0.08444288039158977
2004-02-16 04:32:39,540,0.0826825590218785
2004-02-16 04:42:39,541,0.08363795209861465
2004-02-16 04:52:39,542,0.08381571232658393
2004-02-16 05:02:39,543,0.08551655227434508
2004-02-16 05:12:39,544,0.08430120065361357
2004-02-16 05:22:39,545,0.08697885681706394
2004-02-16 05:32:39,546,0.08478583054111723
2004-02-16 05:42:39,547,0.08516847160004522
2004-02-16 05:52:39,548,0.0869916991033672
2004-02-16 06:02:39,549,0.0869552866420451
2004-02-16 06:12:39,550,0.08790080163306041
2004-02-16 06:22:39,551,0.08565032244174677
2004-02-16 06:32:39,552,0.08544638075644365
2004-02-16 06:42:39,553,0.08661301154867854
2004-02-16 06:52:39,554,0.08760435629686279
2004-02-16 07:02:39,555,0.08819957754159546
2004-02-16 07:12:39,556,0.0860538922029763
2004-02-16 07:22:39,557,0.0891782641284802
2004-02-16 07:32:39,558,0.085617116425398
2004-02-16 07:42:39,559,0.08827365730623714
2004-02-16 07:52:39,560,0.08883351291927179
2004-02-16 08:02:39,561,0.08730537730432328
2004-02-16 08:12:39,562,0.08747885570417953
2004-02-16 08:22:39,563,0.08891707562606212
2004-02-16 08:32:39,564,0.08606533531776607
2004-02-16 08:42:39,565,0.08849752380010513
2004-02-16 08:52:39,566,0.08784936420382257
2004-02-16 09:02:39,567,0.08692632195842041
2004-02-16 09:12:39,568,0.08674333435306578
2004-02-16 09:22:39,569,0.08853620513180409
2004-02-16 09:32:39,570,0.08814084160583331
2004-02-16 09:42:39,571,0.08998700481267577
2004-02-16 09:52:39,572,0.08840501059576752
2004-02-16 10:02:39,573,0.08764679009783148
2004-02-16 10:12:39,574,0.08951969957125856
2004-02-16 10:22:39,575,0.08913656021626468
2004-02-16 10:32:39,576,0.08819533236170081
2004-02-16 10:42:39,577,0.08845663938213735
2004-02-16 10:52:39,578,0.0901507431702082
2004-02-16 11:02:39,579,0.09071041798845905
2004-02-16 11:12:39,580,0.08991441460147138
2004-02-16 11:22:39,581,0.09103706078047065
2004-02-16 11:32:39,582,0.09011333846624235
2004-02-16 11:42:39,583,0.09209473537180841
2004-02-16 11:52:39,584,0.08920837094839174
2004-02-16 12:02:39,585,0.08972886132503721
2004-02-16 12:12:39,586,0.09109389338539488
2004-02-16 12:22:39,587,0.09182397073511249
2004-02-16 12:32:39,588,0.08981583914286922
2004-02-16 12:42:39,589,0.09123699259817615
2004-02-16 12:52:39,590,0.09086885403048083
2004-02-16 13:02:39,591,0.089624433128875
2004-02-16 13:12:39,592,0.08982404539353384
2004-02-16 13:22:39,593,0.09140617654911747
2004-02-16 13:32:39,594,0.09195853451590423
2004-02-16 13:42:39,595,0.09039873667146665
2004-02-16 13:52:39,596,0.09161855206251354
2004-02-16 14:02:39,597,0.091443056425076
2004-02-16 14:12:39,598,0.09038385103182998
2004-02-16 14:22:39,599,0.09101168178153525
2004-02-16 14:32:39,600,0.091114991091273
2004-02-16 14:42:39,601,0.0931650645255354
2004-02-16 14:52:39,602,0.09196030611296893
2004-02-16 15:02:39,603,0.09220456198041548
2004-02-16 15:12:39,604,0.09182987332434894
2004-02-16 15:22:39,605,0.09341100455237994
2004-02-16 15:32:39,606,0.09314935818183528
2004-02-16 15:42:39,607,0.09361258209954525
2004-02-16 15:52:39,608,0.09453647609521029
2004-02-16 16:02:39,609,0.09488179632278164
2004-02-16 16:12:39,610,0.09591115706125389
2004-02-16 16:22:39,611,0.09453624651051688
2004-02-16 16:32:39,612,0.09484404113423364
2004-02-16 16:42:39,613,0.09559869276613596
2004-02-16 16:52:39,614,0.09627068466860933
2004-02-16 17:02:39,615,0.09629343885845945
2004-02-16 17:12:39,616,0.09498840749583111
2004-02-16 17:22:39,617,0.09552074356479957
2004-02-16 17:32:39,618,0.09492288322510002
2004-02-16 17:42:39,619,0.09428204497096258
2004-02-16 17:52:39,620,0.09331646084820554
2004-02-16 18:02:39,621,0.09846557957646129
2004-02-16 18:12:39,622,0.09505307008620402
2004-02-16 18:22:39,623,0.09558984315937887
2004-02-16 18:32:39,624,0.09694473044843178
2004-02-16 18:42:39,625,0.09651140942105159
2004-02-16 18:52:39,626,0.09612524026709418
2004-02-16 19:02:39,627,0.09615338622035581
2004-02-16 19:12:39,628,0.09568015540681486
2004-02-16 19:22:39,629,0.09588543375430034
2004-02-16 19:32:39,630,0.0935912189244585
2004-02-16 19:42:39,631,0.09780139264010566
2004-02-16 19:52:39,632,0.09710681060572396
2004-02-16 20:02:39,633,0.09409151883148617
2004-02-16 20:12:39,634,0.09633701373223112
2004-02-16 20:22:39,635,0.09589212714727169
2004-02-16 20:32:39,636,0.09741922811159894
2004-02-16 20:42:39,637,0.0976594566973534
2004-02-16 20:52:39,638,0.09483689122646477
2004-02-16 21:02:39,639,0.09751085676733828
2004-02-16 21:12:39,640,0.09844802225508623
2004-02-16 21:22:39,641,0.09941949426467689
2004-02-16 21:32:39,642,0.09837946999851092
2004-02-16 21:42:39,643,0.09805131488951502
2004-02-16 21:52:39,644,0.09792751075811948
2004-02-16 22:02:39,645,0.0972731462955461
2004-02-16 22:12:39,646,0.09838645353035969
2004-02-16 22:22:39,647,0.10379379699636328
2004-02-16 22:32:39,648,0.10638649114453981
2004-02-16 22:42:39,649,0.10502789459271537
2004-02-16 22:52:39,650,0.10535479352896879
2004-02-16 23:02:39,651,0.10627618473301845
2004-02-16 23:12:39,652,0.104292161878529
2004-02-16 23:22:39,653,0.10585797070101982
2004-02-16 23:32:39,654,0.10620989914213089
2004-02-16 23:42:39,655,0.10301590204535963
2004-02-16 23:52:39,656,0.10596938126470942
2004-02-17 00:02:39,657,0.10595938103673463
2004-02-17 00:12:39,658,0.10464030419355241
2004-02-17 00:22:39,659,0.10564207193765995
2004-02-17 00:32:39,660,0.10435954367219658
2004-02-17 00:42:39,661,0.10662787171909675
2004-02-17 00:52:39,662,0.10662177420384371
2004-02-17 01:02:39,663,0.10470268546580075
2004-02-17 01:12:39,664,0.10421010318327625
2004-02-17 01:22:39,665,0.10612328036187928
2004-02-17 01:32:39,666,0.10685637013248674
2004-02-17 01:42:39,667,0.10484058257138147
2004-02-17 01:52:39,668,0.10359935976515712
2004-02-17 02:02:39,669,0.10616085000704904
2004-02-17 02:12:39,670,0.10631852845194867
2004-02-17 02:22:39,671,0.10491263548298056
2004-02-17 02:32:39,672,0.10296374371365659
2004-02-17 02:42:39,673,0.10200354165305225
2004-02-17 02:52:39,674,0.10489127136513388
2004-02-17 03:02:39,675,0.10283863459627106
2004-02-17 03:12:39,676,0.10413879147860985
2004-02-17 03:22:39,677,0.1052710538343331
2004-02-17 03:32:39,678,0.10531576914436488
2004-02-17 03:42:39,679,0.10321447893638627
2004-02-17 03:52:39,680,0.10400314819266195
2004-02-17 04:02:39,681,0.10480054064895325
2004-02-17 04:12:39,682,0.10488916094613798
2004-02-17 04:22:39,683,0.10448049403028692
2004-02-17 04:32:39,684,0.1053248272644285
2004-02-17 04:42:39,685,0.10710761691664582
2004-02-17 04:52:39,686,0.1071243110483261
2004-02-17 05:02:39,687,0.10520757314597694
2004-02-17 05:12:39,688,0.1051648280769455
2004-02-17 05:22:39,689,0.10574962299541428
2004-02-17 05:32:39,690,0.10543929148782048
2004-02-17 05:42:39,691,0.10669288280028218
2004-02-17 05:52:39,692,0.10714596999756502
2004-02-17 06:02:39,693,0.10824558011870399
2004-02-17 06:12:39,694,0.10665302446228898
2004-02-17 06:22:39,695,0.10575230009134479
2004-02-17 06:32:39,696,0.10728003431076592
2004-02-17 06:42:39,697,0.10926998574703257
2004-02-17 06:52:39,698,0.10650088073653019
2004-02-17 07:02:39,699,0.1097905923561867
2004-02-17 07:12:39,700,0.1127678235635081
2004-02-17 07:22:39,701,0.12028870746886984
2004-02-17 07:32:39,702,0.16689628653443564
2004-02-17 07:42:39,703,0.17176194051356194
2004-02-17 07:52:39,704,0.17375443592583978
2004-02-17 08:02:39,705,0.1717791843722449
2004-02-17 08:12:39,706,0.16911726137713773
2004-02-17 08:22:39,707,0.17369180469319317
2004-02-17 08:32:39,708,0.16859953520542248
2004-02-17 08:42:39,709,0.16686560557006777
2004-02-17 08:52:39,710,0.17252337180324182
2004-02-17 09:02:39,711,0.16982476952361908
2004-02-17 09:12:39,712,0.1688369467847881
2004-02-17 09:22:39,713,0.16849347762436695
2004-02-17 09:32:39,714,0.16950951531182593
2004-02-17 09:42:39,715,0.16993603015753664
2004-02-17 09:52:39,716,0.16509543064755916
2004-02-17 10:02:39,717,0.165527004913001
2004-02-17 10:12:39,718,0.16503688256696336
2004-02-17 10:22:39,719,0.1681014250722705
2004-02-17 10:32:39,720,0.16409903551523722
2004-02-17 10:42:39,721,0.16516423703487454
2004-02-17 10:52:39,722,0.1641279000600592
2004-02-17 11:02:39,723,0.16383674542174742
2004-02-17 11:12:39,724,0.16321589900343578
2004-02-17 11:22:39,725,0.16847889623499587
2004-02-17 11:32:39,726,0.16697350674021605
2004-02-17 11:42:39,727,0.1656380958855586
2004-02-17 11:52:39,728,0.1641586673508472
2004-02-17 12:02:39,729,0.16524972475984043
2004-02-17 12:12:39,730,0.1663058489662663
2004-02-17 12:22:39,731,0.15755117472189678
2004-02-17 12:32:39,732,0.16212426031057076
2004-02-17 12:42:39,733,0.15582617378202696
2004-02-17 12:52:39,734,0.15678997088686084
2004-02-17 13:02:39,735,0.15417651476498534
2004-02-17 13:12:39,736,0.15502766606671664
2004-02-17 13:22:39,737,0.1547995549000876
2004-02-17 13:32:39,738,0.14506864670168745
2004-02-17 13:42:39,739,0.14251295959435953
2004-02-17 13:52:39,740,0.1480889166889055
2004-02-17 14:02:39,741,0.14527101457545102
2004-02-17 14:12:39,742,0.14391643981974545
2004-02-17 14:22:39,743,0.13972712158295933
2004-02-17 14:32:39,744,0.1394211169499166
2004-02-17 14:42:39,745,0.13976357460765332
2004-02-17 14:52:39,746,0.1424209491535998
2004-02-17 15:02:39,747,0.13856824279089372
2004-02-17 15:12:39,748,0.14059532065276187
2004-02-17 15:22:39,749,0.13447814627727372
2004-02-17 15:32:39,750,0.14053554724361467
2004-02-17 15:42:39,751,0.13955417347390256
2004-02-17 15:52:39,752,0.1350944430571499
2004-02-17 16:02:39,753,0.135658014414925
2004-02-17 16:12:39,754,0.13497136089451903
2004-02-17 16:22:39,755,0.13189689984036657
2004-02-17 16:32:39,756,0.12851723194284134
2004-02-17 16:42:39,757,0.12589233138504716
2004-02-17 16:52:39,758,0.12576345778664494
2004-02-17 17:02:39,759,0.12436039114109292
2004-02-17 17:12:39,760,0.1227486727827311
2004-02-17 17:22:39,761,0.12051210248644492
2004-02-17 17:32:39,762,0.11666324734572697
2004-02-17 17:42:39,763,0.11792317642053904
2004-02-17 17:52:39,764,0.11285861527156922
2004-02-17 18:02:39,765,0.11249116241329439
2004-02-17 18:12:39,766,0.11132827171043155
2004-02-17 18:22:39,767,0.11111743286595108
2004-02-17 18:32:39,768,0.11086750498730384
2004-02-17 18:42:39,769,0.11017193970711629
2004-02-17 18:52:39,770,0.11003507652747237
2004-02-17 19:02:39,771,0.1070069605194439
2004-02-17 19:12:39,772,0.10728484578339127
2004-02-17 19:22:39,773,0.10781778904599205
2004-02-17 19:32:39,774,0.10573701784786559
2004-02-17 19:42:39,775,0.10385260668859511
2004-02-17 19:52:39,776,0.10678984226112842
2004-02-17 20:02:39,777,0.10529752652269327
2004-02-17 20:12:39,778,0.10424662858007926
2004-02-17 20:22:39,779,0.10346354326600557
2004-02-17 20:32:39,780,0.10303147274013118
2004-02-17 20:42:39,781,0.09932441224184417
2004-02-17 20:52:39,782,0.10277105523892535
2004-02-17 21:02:39,783,0.10151048547864285
2004-02-17 21:12:39,784,0.10050111138028363
2004-02-17 21:22:39,785,0.09937990578496537
2004-02-17 21:32:39,786,0.1026071065304313
2004-02-17 21:42:39,787,0.10001234542935974
2004-02-17 21:52:39,788,0.10276615596829722
2004-02-17 22:02:39,789,0.10079244075466001
2004-02-17 22:12:39,790,0.10071724420996837
2004-02-17 22:22:39,791,0.10212575566772333
2004-02-17 22:32:39,792,0.10275559452911368
2004-02-17 22:42:39,793,0.10324720860141805
2004-02-17 22:52:39,794,0.10473901018200737
2004-02-17 23:02:39,795,0.10546040777193241
2004-02-17 23:12:39,796,0.10417618977302519
2004-02-17 23:22:39,797,0.10512936366909661
2004-02-17 23:32:39,798,0.10303119336706293
2004-02-17 23:42:39,799,0.10615366979680237
2004-02-17 23:52:39,800,0.10578920644929839
2004-02-18 00:02:39,801,0.10624512879458735
2004-02-18 00:12:39,802,0.10636952169905058
2004-02-18 00:22:39,803,0.10593802474980855
2004-02-18 00:32:39,804,0.10891404540788015
2004-02-18 00:42:39,805,0.10742635627016672
2004-02-18 00:52:39,806,0.10872704274567213
2004-02-18 01:02:39,807,0.11020309132638262
2004-02-18 01:12:39,808,0.10984870721388978
2004-02-18 01:22:39,809,0.10855998823195528
2004-02-18 01:32:39,810,0.1097143857274296
2004-02-18 01:42:39,811,0.11021514449553792
2004-02-18 01:52:39,812,0.10842924185053472
2004-02-18 02:02:39,813,0.10878737571627875
2004-02-18 02:12:39,814,0.10945516459555965
2004-02-18 02:22:39,815,0.1102251037029615
2004-02-18 02:32:39,816,0.1100723627838912
2004-02-18 02:42:39,817,0.11049097592889291
2004-02-18 02:52:39,818,0.11108235613161274
2004-02-18 03:02:39,819,0.111810970241773
2004-02-18 03:12:39,820,0.11377855346468431
2004-02-18 03:22:39,821,0.11121312854577
2004-02-18 03:32:39,822,0.11279849657720853
2004-02-18 03:42:39,823,0.13760685088379887
2004-02-18 03:52:39,824,0.13716050862749457
2004-02-18 04:02:39,825,0.13582555879463504
2004-02-18 04:12:39,826,0.14128292273948817
2004-02-18 04:22:39,827,0.13924398463078763
2004-02-18 04:32:39,828,0.14149214397499388
2004-02-18 04:42:39,829,0.14546151415274455
2004-02-18 04:52:39,830,0.1422660970955913
2004-02-18 05:02:39,831,0.14848516833287845
2004-02-18 05:12:39,832,0.14734120640036633
2004-02-18 05:22:39,833,0.15020731831892284
2004-02-18 05:32:39,834,0.15236047087724966
2004-02-18 05:42:39,835,0.15797473112440397
2004-02-18 05:52:39,836,0.15642608499978172
2004-02-18 06:02:39,837,0.15855086181175346
2004-02-18 06:12:39,838,0.16185369038067549
2004-02-18 06:22:39,839,0.16324842971583953
2004-02-18 06:32:39,840,0.16117788570347802
2004-02-18 06:42:39,841,0.16386026151185737
2004-02-18 06:52:39,842,0.164140735661552
2004-02-18 07:02:39,843,0.1652286817872615
2004-02-18 07:12:39,844,0.1666570303692113
2004-02-18 07:22:39,845,0.16765877706622992
2004-02-18 07:32:39,846,0.16649171030297408
2004-02-18 07:42:39,847,0.16421813585160994
2004-02-18 07:52:39,848,0.1702835500051136
2004-02-18 08:02:39,849,0.1736250683382704
2004-02-18 08:12:39,850,0.17298654888097623
2004-02-18 08:22:39,851,0.17329413613041725
2004-02-18 08:32:39,852,0.1684884876155769
2004-02-18 08:42:39,853,0.1629254003646583
2004-02-18 08:52:39,854,0.16105745377960085
2004-02-18 09:02:39,855,0.16325168287919867
2004-02-18 09:12:39,856,0.16558045303048718
2004-02-18 09:22:39,857,0.17137651092286252
2004-02-18 09:32:39,858,0.1615881583228054
2004-02-18 09:42:39,859,0.16048599895123186
2004-02-18 09:52:39,860,0.1626412782795022
2004-02-18 10:02:39,861,0.15967097287884838
2004-02-18 10:12:39,862,0.16523961989311722
2004-02-18 10:22:39,863,0.163523100193443
2004-02-18 10:32:39,864,0.1618130805802634
2004-02-18 10:42:39,865,0.1601438847360678
2004-02-18 10:52:39,866,0.15362154742738393
2004-02-18 11:02:39,867,0.15118382914621598
2004-02-18 11:12:39,868,0.14981626670535747
2004-02-18 11:22:39,869,0.1493351950756446
2004-02-18 11:32:39,870,0.14981858169758072
2004-02-18 11:42:39,871,0.14986298136495732
2004-02-18 11:52:39,872,0.16718367533592557
2004-02-18 12:02:39,873,0.1699991703506875
2004-02-18 12:12:39,874,0.1603672281096183
2004-02-18 12:22:39,875,0.15942843007571067
2004-02-18 12:32:39,876,0.15939881317194524
2004-02-18 12:42:39,877,0.1543721764038318
2004-02-18 12:52:39,878,0.15021853563147686
2004-02-18 13:02:39,879,0.15378793961521642
2004-02-18 13:12:39,880,0.15559491551581842
2004-02-18 13:22:39,881,0.15190021604581533
2004-02-18 13:32:39,882,0.15023832271854234
2004-02-18 13:42:39,883,0.15197789499268016
2004-02-18 13:52:39,884,0.1554629642453556
2004-02-18 14:02:39,885,0.15592530873561344
2004-02-18 14:12:39,886,0.15534268396963655
2004-02-18 14:22:39,887,0.15443912888659292
2004-02-18 14:32:39,888,0.1553537588243655
2004-02-18 14:42:39,889,0.16366563770931503
2004-02-18 14:52:39,890,0.15624639339587446
2004-02-18 15:02:39,891,0.14538745983255352
2004-02-18 15:12:39,892,0.13575110964383028
2004-02-18 15:22:39,893,0.13196586620694767
2004-02-18 15:32:39,894,0.12557964588633633
2004-02-18 15:42:39,895,0.12250529265511627
2004-02-18 15:52:39,896,0.12193231444797897
2004-02-18 16:02:39,897,0.11888064914120638
2004-02-18 16:12:39,898,0.12123167830323475
2004-02-18 16:22:39,899,0.12019822474738151
2004-02-18 16:32:39,900,0.12071113848803781
2004-02-18 16:42:39,901,0.1260182390847901
2004-02-18 16:52:39,902,0.12889697940149003
2004-02-18 17:02:39,903,0.14386658265043853
2004-02-18 17:12:39,904,0.1530643899497949
2004-02-18 17:22:39,905,0.16624198964489606
2004-02-18 17:32:39,906,0.1754550098972591
2004-02-18 17:42:39,907,0.18285186194832548
2004-02-18 17:52:39,908,0.1830478103635956
2004-02-18 18:02:39,909,0.1843409130301729
2004-02-18 18:12:39,910,0.1736957100996782
2004-02-18 18:22:39,911,0.16510211595072383
2004-02-18 18:32:39,912,0.17317741069831302
2004-02-18 18:42:39,913,0.17769195249214
2004-02-18 18:52:39,914,0.17655439431062278
2004-02-18 19:02:39,915,0.19303768417012895
2004-02-18 19:12:39,916,0.17691763882590933
2004-02-18 19:22:39,917,0.1710150259811354
2004-02-18 19:32:39,918,0.17515580745372425
2004-02-18 19:42:39,919,0.16993852734495513
2004-02-18 19:52:39,920,0.175521273583772
2004-02-18 20:02:39,921,0.16959605990457616
2004-02-18 20:12:39,922,0.1845981164573738
2004-02-18 20:22:39,923,0.17965330544203906
2004-02-18 20:32:39,924,0.1715689192218954
2004-02-18 20:42:39,925,0.16924480048212645
2004-02-18 20:52:39,926,0.1579695922949847
2004-02-18 21:02:39,927,0.15092901114845303
2004-02-18 21:12:39,928,0.15833527412804402
2004-02-18 21:22:39,929,0.1705056983331138
2004-02-18 21:32:39,930,0.1677026281379491
2004-02-18 21:42:39,931,0.17962051482418048
2004-02-18 21:52:39,932,0.19204555988179897
2004-02-18 22:02:39,933,0.19999621285477165
2004-02-18 22:12:39,934,0.22445728524686426
2004-02-18 22:22:39,935,0.2659295177268537
2004-02-18 22:32:39,936,0.20115811275741893
2004-02-18 22:42:39,937,0.19690958785954657
2004-02-18 22:52:39,938,0.19559759904445212
2004-02-18 23:02:39,939,0.16647280153930255
2004-02-18 23:12:39,940,0.16240046470838737
2004-02-18 23:22:39,941,0.17006932323917714
2004-02-18 23:32:39,942,0.16308295465086664
2004-02-18 23:42:39,943,0.19798816462121926
2004-02-18 23:52:39,944,0.18847632684571022
2004-02-19 00:02:39,945,0.21543727935965976
2004-02-19 00:12:39,946,0.18385103886622015
2004-02-19 00:22:39,947,0.1638758217704418
2004-02-19 00:32:39,948,0.158321338241495
2004-02-19 00:42:39,949,0.16120348893169129
2004-02-19 00:52:39,950,0.1829362166849435
2004-02-19 01:02:39,951,0.21442471646991815
2004-02-19 01:12:39,952,0.23728752594838162
2004-02-19 01:22:39,953,0.1987598395756201
2004-02-19 01:32:39,954,0.23614345563793548
2004-02-19 01:42:39,955,0.2029883943293886
2004-02-19 01:52:39,956,0.22104190215831787
2004-02-19 02:02:39,957,0.20722116595824663
2004-02-19 02:12:39,958,0.2615312065920326
2004-02-19 02:22:39,959,0.20162263674122902
2004-02-19 02:32:39,960,0.2228994363838448
2004-02-19 02:42:39,961,0.25924244834032084
2004-02-19 02:52:39,962,0.23166564493882758
2004-02-19 03:02:39,963,0.23457642022127773
2004-02-19 03:12:39,964,0.24749721490699317
2004-02-19 03:22:39,965,0.29718810060073114
2004-02-19 03:32:39,966,0.2916511123549663
2004-02-19 03:42:39,967,0.34373551617213555
2004-02-19 03:52:39,968,0.31481113788914966
2004-02-19 04:02:39,969,0.3257155681690011
2004-02-19 04:12:39,970,0.35309010723627604
2004-02-19 04:22:39,971,0.42967844791601856
2004-02-19 04:32:39,972,0.41556983063122255
2004-02-19 04:42:39,973,0.37168108658761956
2004-02-19 04:52:39,974,0.4476727901067435
2004-02-19 05:02:39,975,0.6721374879698172
2004-02-19 05:12:39,976,0.5309561289679944
2004-02-19 05:22:39,977,0.4459182473835453
2004-02-19 05:32:39,978,0.3869748318159543
2004-02-19 05:42:39,979,0.7250014697250708
2004-02-19 05:52:39,980,0.46201166565274254
2004-02-19 06:02:39,981,0.48383539535148185
2004-02-19 06:12:39,982,0.0021030112339215853
2004-02-19 06:22:39,983,0.0015327320633837277
