asset_id,alarm_tag,alarm_description,priority,alarm_type,activation_time,ack_time,clear_time,duration_min,operator_id,area,is_test_case
P-201,P-201.FI_LO,Discharge flow low,3,LO,2025-01-01 05:43:56,2025-01-01 05:48:29,2025-01-01 06:02:48,18.9,OP04,Pumping_Station_A,
C-301,C-301.FI_LO,Lube oil flow low,1,LO,2025-01-01 10:14:14,2025-01-01 10:16:44,2025-01-01 10:17:10,2.9,OP02,Compressor_Building,
TK-101,TK-101.LI_HI,Tank level high,3,HI,2025-01-01 10:16:26,2025-01-01 10:21:16,2025-01-01 10:32:55,16.5,OP03,Storage_Tank_Farm,
P-201,P-201.VI_HI,Pump vibration high,2,HI,2025-01-01 11:18:28,2025-01-01 11:21:22,2025-01-01 11:28:52,10.4,OP04,Pumping_Station_A,
C-301,C-301.PI_LO,Suction pressure low,2,LO,2025-01-01 20:22:26,2025-01-01 20:27:09,2025-01-01 20:27:06,4.7,OP03,Compressor_Building,
C-301,C-301.PI_LO,Suction pressure low,2,LO,2025-01-01 22:15:54,2025-01-01 22:19:44,2025-01-01 22:25:53,10.0,OP02,Compressor_Building,
TK-101,TK-101.LI_HI,Tank level high,3,HI,2025-01-02 07:44:07,2025-01-02 07:44:28,2025-01-02 08:03:09,19.0,OP04,Storage_Tank_Farm,
P-201,P-201.FI_LO,Discharge flow low,3,LO,2025-01-02 09:22:47,2025-01-02 09:24:43,2025-01-02 09:53:38,30.9,OP01,Pumping_Station_A,
C-301,C-301.VI_HI,Compressor vibration high,1,HI,2025-01-02 10:40:22,2025-01-02 10:45:22,2025-01-02 10:42:53,2.5,OP01,Compressor_Building,
TK-101,TK-101.PI_HI,Tank pressure high,2,HI,2025-01-02 14:04:38,2025-01-02 14:08:44,2025-01-02 14:19:48,15.2,OP05,Storage_Tank_Farm,
TK-101,TK-101.LI_LO,Tank level low,4,LO,2025-01-02 15:07:25,2025-01-02 15:07:51,2025-01-02 15:45:36,38.2,OP05,Storage_Tank_Farm,
TK-101,TK-101.TI_HI,Tank temperature high,3,HI,2025-01-02 16:44:11,2025-01-02 16:46:26,2025-01-02 17:16:35,32.4,OP04,Storage_Tank_Farm,
C-301,C-301.TI_HI,Discharge temp high,2,HI,2025-01-02 18:08:44,2025-01-02 18:09:02,2025-01-02 18:14:10,5.4,OP03,Compressor_Building,
C-301,C-301.PDI_HI,Filter delta-P high,4,HI,2025-01-03 05:20:19,2025-01-03 05:23:33,2025-01-03 06:34:19,74.0,OP02,Compressor_Building,
C-301,C-301.VI_HI,Compressor vibration high,1,HI,2025-01-03 07:27:36,2025-01-03 07:32:28,2025-01-03 07:31:30,3.9,OP01,Compressor_Building,
C-301,C-301.FI_LO,Lube oil flow low,1,LO,2025-01-03 09:41:21,2025-01-03 09:42:02,2025-01-03 09:43:31,2.2,OP01,Compressor_Building,
C-301,C-301.FI_LO,Lube oil flow low,1,LO,2025-01-03 10:14:37,2025-01-03 10:19:34,2025-01-03 10:17:35,3.0,OP05,Compressor_Building,
C-301,C-301.VI_HI,Compressor vibration high,1,HI,2025-01-03 11:03:21,2025-01-03 11:03:49,2025-01-03 11:07:22,4.0,OP01,Compressor_Building,
C-301,C-301.PDI_HI,Filter delta-P high,4,HI,2025-01-03 12:07:04,2025-01-03 12:08:22,2025-01-03 12:47:29,40.4,OP05,Compressor_Building,
C-301,C-301.PI_LO,Suction pressure low,2,LO,2025-01-03 12:36:32,2025-01-03 12:40:38,2025-01-03 12:52:18,15.8,OP02,Compressor_Building,
C-301,C-301.TI_HI,Discharge temp high,2,HI,2025-01-03 16:40:56,2025-01-03 16:41:21,2025-01-03 16:53:09,12.2,OP04,Compressor_Building,
P-201,P-201.PI_HI,Discharge pressure high,3,HI,2025-01-03 17:45:06,2025-01-03 17:49:00,2025-01-03 18:09:54,24.8,OP04,Pumping_Station_A,
P-201,P-201.VI_HI,Pump vibration high,2,HI,2025-01-03 21:22:25,2025-01-03 21:25:38,2025-01-03 21:26:05,3.7,OP03,Pumping_Station_A,
P-201,P-201.VI_HI,Pump vibration high,2,HI,2025-01-04 01:10:08,2025-01-04 01:14:19,2025-01-04 01:25:59,15.9,OP03,Pumping_Station_A,
P-201,P-201.VI_HI,Pump vibration high,2,HI,2025-01-04 01:33:58,2025-01-04 01:36:00,2025-01-04 01:39:36,5.6,OP02,Pumping_Station_A,
P-201,P-201.TI_HI,Motor temperature high,2,HI,2025-01-04 11:55:01,2025-01-04 11:57:37,2025-01-04 12:03:10,8.1,OP03,Pumping_Station_A,
P-201,P-201.PI_HI,Discharge pressure high,3,HI,2025-01-04 14:01:14,2025-01-04 14:04:13,2025-01-04 14:29:52,28.6,OP01,Pumping_Station_A,
P-201,P-201.PI_HI,Discharge pressure high,3,HI,2025-01-04 14:05:55,2025-01-04 14:09:25,2025-01-04 14:15:21,9.4,OP01,Pumping_Station_A,
P-201,P-201.VI_HI,Pump vibration high,2,HI,2025-01-04 15:23:36,2025-01-04 15:28:05,2025-01-04 15:29:31,5.9,OP04,Pumping_Station_A,
C-301,C-301.PI_LO,Suction pressure low,2,LO,2025-01-04 18:13:10,2025-01-04 18:16:35,2025-01-04 18:23:40,10.5,OP05,Compressor_Building,
P-201,P-201.FI_LO,Discharge flow low,3,LO,2025-01-04 19:30:21,2025-01-04 19:33:41,2025-01-04 19:53:27,23.1,OP05,Pumping_Station_A,
C-301,C-301.FI_LO,Lube oil flow low,1,LO,2025-01-04 21:18:13,2025-01-04 21:18:29,2025-01-04 21:20:24,2.2,OP03,Compressor_Building,
TK-101,TK-101.LI_LO,Tank level low,4,LO,2025-01-04 23:05:24,2025-01-04 23:08:39,2025-01-04 23:47:47,42.4,OP05,Storage_Tank_Farm,
TK-101,TK-101.PI_HI,Tank pressure high,2,HI,2025-01-04 23:13:58,2025-01-04 23:14:11,2025-01-04 23:23:18,9.3,OP05,Storage_Tank_Farm,
TK-101,TK-101.PI_HI,Tank pressure high,2,HI,2025-01-05 06:09:44,2025-01-05 06:14:34,2025-01-05 06:11:34,1.8,OP05,Storage_Tank_Farm,
C-301,C-301.PI_LO,Suction pressure low,2,LO,2025-01-05 07:21:56,2025-01-05 07:24:51,2025-01-05 07:23:08,1.2,OP05,Compressor_Building,
TK-101,TK-101.TI_HI,Tank temperature high,3,HI,2025-01-05 07:29:30,2025-01-05 07:29:58,2025-01-05 08:05:10,35.7,OP01,Storage_Tank_Farm,
TK-101,TK-101.LI_LO,Tank level low,4,LO,2025-01-05 13:05:24,2025-01-05 13:07:21,2025-01-05 13:05:54,0.5,OP04,Storage_Tank_Farm,
C-301,C-301.VI_HI,Compressor vibration high,1,HI,2025-01-05 15:28:21,2025-01-05 15:31:10,2025-01-05 15:31:07,2.8,OP01,Compressor_Building,
P-201,P-201.VI_HI,Pump vibration high,2,HI,2025-01-05 16:06:01,2025-01-05 16:06:36,2025-01-05 16:22:39,16.6,OP03,Pumping_Station_A,
P-201,P-201.TI_HI,Motor temperature high,2,HI,2025-01-05 16:58:17,2025-01-05 17:03:02,2025-01-05 17:02:39,4.4,OP04,Pumping_Station_A,
C-301,C-301.TI_HI,Discharge temp high,2,HI,2025-01-05 18:44:06,2025-01-05 18:45:11,2025-01-05 18:55:53,11.8,OP05,Compressor_Building,
TK-101,TK-101.PI_HI,Tank pressure high,2,HI,2025-01-05 23:21:36,2025-01-05 23:26:21,2025-01-05 23:34:27,12.8,OP01,Storage_Tank_Farm,
P-201,P-201.VI_HI,Pump vibration high,2,HI,2025-01-06 00:02:15,2025-01-06 00:04:03,2025-01-06 00:06:41,4.4,OP03,Pumping_Station_A,
TK-101,TK-101.LI_LO,Tank level low,4,LO,2025-01-06 05:38:40,2025-01-06 05:43:26,2025-01-06 06:08:15,29.6,OP04,Storage_Tank_Farm,
P-201,P-201.TI_HI,Motor temperature high,2,HI,2025-01-06 06:54:32,2025-01-06 06:58:33,2025-01-06 07:04:38,10.1,OP04,Pumping_Station_A,
P-201,P-201.FI_LO,Discharge flow low,3,LO,2025-01-06 07:45:49,2025-01-06 07:50:15,2025-01-06 08:22:29,36.7,OP02,Pumping_Station_A,
P-201,P-201.TI_HI,Motor temperature high,2,HI,2025-01-06 07:49:42,2025-01-06 07:52:17,2025-01-06 08:03:09,13.5,OP05,Pumping_Station_A,
P-201,P-201.TI_HI,Motor temperature high,2,HI,2025-01-06 08:15:14,2025-01-06 08:19:39,2025-01-06 08:25:32,10.3,OP03,Pumping_Station_A,
TK-101,TK-101.LI_HI,Tank level high (test),3,HI,2025-01-06 08:30:00,2025-01-06 08:30:36,2025-01-06 08:30:48,0.8,OP01,Storage_Tank_Farm,YES
TK-101,TK-101.LI_HI,Tank level high (test),3,HI,2025-01-06 08:31:12,2025-01-06 08:31:48,2025-01-06 08:32:00,0.8,OP01,Storage_Tank_Farm,YES
TK-101,TK-101.LI_HI,Tank level high (test),3,HI,2025-01-06 08:32:24,2025-01-06 08:33:00,2025-01-06 08:33:12,0.8,OP01,Storage_Tank_Farm,YES
TK-101,TK-101.LI_HI,Tank level high (test),3,HI,2025-01-06 08:33:36,2025-01-06 08:34:12,2025-01-06 08:34:24,0.8,OP01,Storage_Tank_Farm,YES
TK-101,TK-101.LI_HI,Tank level high (test),3,HI,2025-01-06 08:34:48,2025-01-06 08:35:24,2025-01-06 08:35:36,0.8,OP01,Storage_Tank_Farm,YES
TK-101,TK-101.LI_HI,Tank level high (test),3,HI,2025-01-06 08:36:00,2025-01-06 08:36:36,2025-01-06 08:36:48,0.8,OP01,Storage_Tank_Farm,YES
TK-101,TK-101.LI_HI,Tank level high (test),3,HI,2025-01-06 08:37:12,2025-01-06 08:37:48,2025-01-06 08:38:00,0.8,OP01,Storage_Tank_Farm,YES
TK-101,TK-101.PI_HI,Tank pressure high,2,HI,2025-01-06 10:24:06,2025-01-06 10:25:37,2025-01-06 10:33:21,9.3,OP02,Storage_Tank_Farm,
C-301,C-301.FI_LO,Lube oil flow low,1,LO,2025-01-06 14:45:47,2025-01-06 14:46:04,2025-01-06 14:48:27,2.7,OP02,Compressor_Building,
C-301,C-301.FI_LO,Lube oil flow low,1,LO,2025-01-07 10:22:47,2025-01-07 10:26:38,2025-01-07 10:26:25,3.6,OP03,Compressor_Building,
C-301,C-301.PI_LO,Suction pressure low,2,LO,2025-01-07 11:08:54,2025-01-07 11:11:12,2025-01-07 11:22:59,14.1,OP03,Compressor_Building,
TK-101,TK-101.TI_HI,Tank temperature high,3,HI,2025-01-07 16:24:53,2025-01-07 16:27:15,2025-01-07 17:00:02,35.2,OP01,Storage_Tank_Farm,
P-201,P-201.VI_HI,Pump vibration high,2,HI,2025-01-07 17:42:54,2025-01-07 17:43:33,2025-01-07 17:48:33,5.7,OP03,Pumping_Station_A,
P-201,P-201.VI_HI,Pump vibration high,2,HI,2025-01-07 21:20:54,2025-01-07 21:23:17,2025-01-07 21:34:10,13.3,OP01,Pumping_Station_A,
P-201,P-201.PI_HI,Discharge pressure high,3,HI,2025-01-08 09:51:17,2025-01-08 09:54:48,2025-01-08 10:18:49,27.5,OP03,Pumping_Station_A,
C-301,C-301.PI_LO,Suction pressure low,2,LO,2025-01-08 10:45:45,2025-01-08 10:47:24,2025-01-08 10:54:29,8.7,OP04,Compressor_Building,
C-301,C-301.PDI_HI,Filter delta-P high,4,HI,2025-01-08 11:27:55,2025-01-08 11:29:42,2025-01-08 13:05:04,97.2,OP05,Compressor_Building,
P-201,P-201.FI_LO,Discharge flow low,3,LO,2025-01-08 17:17:32,2025-01-08 17:21:01,2025-01-08 17:28:14,10.7,OP02,Pumping_Station_A,
TK-101,TK-101.LI_HI,Tank level high,3,HI,2025-01-08 18:23:40,2025-01-08 18:24:48,2025-01-08 18:32:23,8.7,OP05,Storage_Tank_Farm,
TK-101,TK-101.PI_HI,Tank pressure high,2,HI,2025-01-09 00:25:50,2025-01-09 00:26:32,2025-01-09 00:33:03,7.2,OP05,Storage_Tank_Farm,
TK-101,TK-101.TI_HI,Tank temperature high,3,HI,2025-01-09 07:39:41,2025-01-09 07:42:39,2025-01-09 08:02:11,22.5,OP03,Storage_Tank_Farm,
P-201,P-201.FI_LO,Discharge flow low,3,LO,2025-01-09 14:14:53,2025-01-09 14:17:17,2025-01-09 14:20:59,6.1,OP05,Pumping_Station_A,
P-201,P-201.FI_LO,Discharge flow low,3,LO,2025-01-09 15:20:21,2025-01-09 15:21:51,2025-01-09 15:57:04,36.7,OP05,Pumping_Station_A,
TK-101,TK-101.TI_HI,Tank temperature high,3,HI,2025-01-09 16:07:40,2025-01-09 16:11:40,2025-01-09 16:28:19,20.7,OP01,Storage_Tank_Farm,
TK-101,TK-101.TI_HI,Tank temperature high,3,HI,2025-01-09 16:32:38,2025-01-09 16:34:07,2025-01-09 17:00:47,28.2,OP02,Storage_Tank_Farm,
TK-101,TK-101.PI_HI,Tank pressure high,2,HI,2025-01-09 17:27:25,2025-01-09 17:29:09,2025-01-09 17:35:23,8.0,OP04,Storage_Tank_Farm,
C-301,C-301.FI_LO,Lube oil flow low,1,LO,2025-01-09 17:31:38,2025-01-09 17:32:07,2025-01-09 17:33:07,1.5,OP03,Compressor_Building,
P-201,P-201.FI_LO,Discharge flow low,3,LO,2025-01-09 22:16:52,2025-01-09 22:21:13,2025-01-09 22:45:10,28.3,OP03,Pumping_Station_A,
P-201,P-201.VI_HI,Pump vibration high,2,HI,2025-01-09 23:16:49,2025-01-09 23:17:41,2025-01-09 23:23:42,6.9,OP03,Pumping_Station_A,
TK-101,TK-101.LI_HI,Tank level high,3,HI,2025-01-09 23:31:02,2025-01-09 23:33:28,2025-01-10 00:01:21,30.3,OP03,Storage_Tank_Farm,
C-301,C-301.PI_LO,Suction pressure low,2,LO,2025-01-10 07:10:52,2025-01-10 07:12:12,2025-01-10 07:21:42,10.8,OP04,Compressor_Building,
C-301,C-301.FI_LO,Lube oil flow low,1,LO,2025-01-10 09:29:31,2025-01-10 09:31:46,2025-01-10 09:30:15,0.7,OP05,Compressor_Building,
C-301,C-301.FI_LO,Lube oil flow low,1,LO,2025-01-10 11:25:08,2025-01-10 11:26:57,2025-01-10 11:29:24,4.3,OP01,Compressor_Building,
C-301,C-301.FI_LO,Lube oil flow low,1,LO,2025-01-10 12:51:14,2025-01-10 12:51:50,2025-01-10 12:53:44,2.5,OP01,Compressor_Building,
C-301,C-301.TI_HI,Discharge temp high,2,HI,2025-01-10 14:01:26,2025-01-10 14:06:21,2025-01-10 14:14:04,12.6,OP05,Compressor_Building,
TK-101,TK-101.LI_LO,Tank level low,4,LO,2025-01-10 16:13:51,2025-01-10 16:15:51,2025-01-10 17:13:28,59.6,OP03,Storage_Tank_Farm,
C-301,C-301.VI_HI,Compressor vibration high,1,HI,2025-01-10 17:11:44,2025-01-10 17:15:34,2025-01-10 17:13:44,2.0,OP05,Compressor_Building,
TK-101,TK-101.PI_HI,Tank pressure high,2,HI,2025-01-10 17:37:41,2025-01-10 17:38:06,2025-01-10 17:49:44,12.0,OP04,Storage_Tank_Farm,
C-301,C-301.TI_HI,Discharge temp high,2,HI,2025-01-10 23:41:59,2025-01-10 23:45:59,2025-01-10 23:47:04,5.1,OP05,Compressor_Building,
P-201,P-201.FI_LO,Discharge flow low (test),3,LO,2025-01-11 02:00:00,2025-01-11 02:04:30,,3120.0,OP04,Pumping_Station_A,YES
C-301,C-301.FI_LO,Lube oil flow low,1,LO,2025-01-11 11:51:32,2025-01-11 11:55:53,2025-01-11 11:53:38,2.1,OP01,Compressor_Building,
C-301,C-301.PI_LO,Suction pressure low,2,LO,2025-01-11 15:04:30,2025-01-11 15:07:12,2025-01-11 15:21:20,16.8,OP02,Compressor_Building,
TK-101,TK-101.LI_LO,Tank level low,4,LO,2025-01-11 15:22:06,2025-01-11 15:23:24,2025-01-11 15:58:09,36.0,OP04,Storage_Tank_Farm,
C-301,C-301.FI_LO,Lube oil flow low,1,LO,2025-01-11 15:45:58,2025-01-11 15:50:52,2025-01-11 15:48:23,2.4,OP04,Compressor_Building,
C-301,C-301.FI_LO,Lube oil flow low,1,LO,2025-01-11 15:52:11,2025-01-11 15:52:59,2025-01-11 15:56:20,4.1,OP02,Compressor_Building,
C-301,C-301.FI_LO,Lube oil flow low,1,LO,2025-01-11 16:15:34,2025-01-11 16:16:54,2025-01-11 16:19:56,4.4,OP01,Compressor_Building,
TK-101,TK-101.TI_HI,Tank temperature high,3,HI,2025-01-11 21:54:05,2025-01-11 21:58:55,2025-01-11 22:26:19,32.2,OP04,Storage_Tank_Farm,
C-301,C-301.PI_LO,Suction pressure low,2,LO,2025-01-12 00:07:39,2025-01-12 00:08:04,2025-01-12 00:19:58,12.3,OP04,Compressor_Building,
TK-101,TK-101.LI_HI,Tank level high,3,HI,2025-01-12 08:41:24,2025-01-12 08:44:29,2025-01-12 09:18:09,36.8,OP02,Storage_Tank_Farm,
P-201,P-201.FI_LO,Discharge flow low,3,LO,2025-01-12 12:14:49,2025-01-12 12:18:28,2025-01-12 12:32:13,17.4,OP03,Pumping_Station_A,
P-201,P-201.TI_HI,Motor temperature high,2,HI,2025-01-12 12:26:12,2025-01-12 12:29:59,2025-01-12 12:33:34,7.4,OP04,Pumping_Station_A,
P-201,P-201.PI_HI,Discharge pressure high,3,HI,2025-01-12 12:48:05,2025-01-12 12:48:41,2025-01-12 12:54:47,6.7,OP03,Pumping_Station_A,
C-301,C-301.PDI_HI,Filter delta-P high,4,HI,2025-01-12 14:30:02,2025-01-12 14:30:20,2025-01-12 15:10:03,40.0,OP01,Compressor_Building,
TK-101,TK-101.TI_HI,Tank temperature high,3,HI,2025-01-12 14:31:30,2025-01-12 14:31:50,2025-01-12 14:58:02,26.5,OP01,Storage_Tank_Farm,
C-301,C-301.PI_LO,Suction pressure low,2,LO,2025-01-12 14:39:11,2025-01-12 14:41:51,2025-01-12 14:53:20,14.1,OP03,Compressor_Building,
TK-101,TK-101.LI_HI,Tank level high,3,HI,2025-01-12 14:56:28,2025-01-12 15:00:16,2025-01-12 15:25:12,28.7,OP02,Storage_Tank_Farm,
TK-101,TK-101.LI_LO,Tank level low,4,LO,2025-01-12 17:44:59,2025-01-12 17:49:02,2025-01-12 18:21:16,36.3,OP05,Storage_Tank_Farm,
TK-101,TK-101.TI_HI,Tank temperature high,3,HI,2025-01-13 06:58:34,2025-01-13 06:58:46,2025-01-13 07:17:51,19.3,OP04,Storage_Tank_Farm,
P-201,P-201.VI_HI,Pump vibration high,2,HI,2025-01-13 11:11:19,2025-01-13 11:14:44,2025-01-13 11:16:30,5.2,OP02,Pumping_Station_A,
P-201,P-201.FI_LO,Discharge flow low,3,LO,2025-01-13 12:56:40,2025-01-13 13:00:22,2025-01-13 13:29:06,32.4,OP04,Pumping_Station_A,
C-301,C-301.FI_LO,Lube oil flow low,1,LO,2025-01-13 16:45:43,2025-01-13 16:46:52,2025-01-13 16:48:27,2.7,OP05,Compressor_Building,
TK-101,TK-101.LI_LO,Tank level low,4,LO,2025-01-14 01:49:03,2025-01-14 01:50:38,2025-01-14 02:47:57,58.9,OP02,Storage_Tank_Farm,
TK-101,TK-101.TI_HI,Tank temperature high,3,HI,2025-01-14 05:32:10,2025-01-14 05:32:47,2025-01-14 05:46:01,13.8,OP03,Storage_Tank_Farm,
TK-101,TK-101.LI_HI,Tank level high,3,HI,2025-01-14 09:23:39,2025-01-14 09:24:34,2025-01-14 09:49:17,25.6,OP01,Storage_Tank_Farm,
P-201,P-201.TI_HI,Motor temperature high,2,HI,2025-01-14 09:35:47,2025-01-14 09:40:06,2025-01-14 09:46:03,10.3,OP03,Pumping_Station_A,
C-301,C-301.FI_LO,Lube oil flow low,1,LO,2025-01-14 11:17:49,2025-01-14 11:22:06,2025-01-14 11:19:47,2.0,OP01,Compressor_Building,
P-201,P-201.VI_HI,Pump vibration high,2,HI,2025-01-14 12:56:15,2025-01-14 12:56:41,2025-01-14 13:09:05,12.8,OP01,Pumping_Station_A,
C-301,C-301.VI_HI,Compressor vibration high,1,HI,2025-01-14 14:09:25,2025-01-14 14:14:05,2025-01-14 14:14:25,5.0,OP03,Compressor_Building,
TK-101,TK-101.LI_HI,Tank level high,3,HI,2025-01-14 16:34:44,2025-01-14 16:36:46,2025-01-14 16:53:33,18.8,OP03,Storage_Tank_Farm,
P-201,P-201.VI_HI,Pump vibration high,2,HI,2025-01-14 20:36:44,2025-01-14 20:39:53,2025-01-14 20:48:21,11.6,OP01,Pumping_Station_A,
TK-101,TK-101.LI_HI,Tank level high,3,HI,2025-01-14 22:47:53,2025-01-14 22:50:52,2025-01-14 23:22:14,34.3,OP05,Storage_Tank_Farm,
TK-101,TK-101.PI_HI,Tank pressure high,2,HI,2025-01-15 06:11:28,2025-01-15 06:13:59,2025-01-15 06:24:21,12.9,OP02,Storage_Tank_Farm,
TK-101,TK-101.LI_LO,Tank level low,4,LO,2025-01-15 08:05:53,2025-01-15 08:08:28,2025-01-15 08:39:16,33.4,OP02,Storage_Tank_Farm,
P-201,P-201.VI_HI,Pump vibration high,2,HI,2025-01-15 13:58:54,2025-01-15 14:01:06,2025-01-15 14:08:07,9.2,OP01,Pumping_Station_A,
P-201,P-201.VI_HI,Pump vibration high,2,HI,2025-01-15 15:29:40,2025-01-15 15:34:30,2025-01-15 15:32:46,3.1,OP02,Pumping_Station_A,
TK-101,TK-101.LI_HI,Tank level high,3,HI,2025-01-15 18:08:18,2025-01-15 18:09:50,2025-01-15 18:40:55,32.6,OP04,Storage_Tank_Farm,
P-201,P-201.VI_HI,Pump vibration high,2,HI,2025-01-15 18:48:49,2025-01-15 18:50:57,2025-01-15 18:56:08,7.3,OP01,Pumping_Station_A,
TK-101,TK-101.TI_HI,Tank temperature high,3,HI,2025-01-15 19:17:51,2025-01-15 19:20:51,2025-01-15 19:47:21,29.5,OP03,Storage_Tank_Farm,
TK-101,TK-101.LI_LO,Tank level low,4,LO,2025-01-15 23:42:27,2025-01-15 23:45:02,2025-01-16 00:43:26,61.0,OP01,Storage_Tank_Farm,
C-301,C-301.FI_LO,Lube oil flow low,1,LO,2025-01-16 09:32:03,2025-01-16 09:36:44,2025-01-16 09:36:06,4.0,OP02,Compressor_Building,
C-301,C-301.PI_LO,Suction pressure low,2,LO,2025-01-16 09:46:46,2025-01-16 09:48:19,2025-01-16 09:53:05,6.3,OP04,Compressor_Building,
TK-101,TK-101.LI_LO,Tank level low,4,LO,2025-01-16 10:39:32,2025-01-16 10:41:15,2025-01-16 12:01:35,82.1,OP04,Storage_Tank_Farm,
C-301,C-301.VI_HI,Compressor vibration high,1,HI,2025-01-16 12:48:07,2025-01-16 12:49:51,2025-01-16 12:50:18,2.2,OP01,Compressor_Building,
C-301,C-301.PI_LO,Suction pressure low (test),2,LO,2025-01-16 14:22:30,2025-01-16 14:23:18,2025-01-16 14:46:34,24.1,OP05,Compressor_Building,YES
C-301,C-301.TI_HI,Discharge temp high (test),2,HI,2025-01-16 14:22:55,2025-01-16 14:23:43,2025-01-16 14:42:59,20.1,OP05,Compressor_Building,YES
C-301,C-301.VI_HI,Compressor vibration high (test),1,HI,2025-01-16 14:23:20,2025-01-16 14:24:08,2025-01-16 14:33:38,10.3,OP05,Compressor_Building,YES
C-301,C-301.FI_LO,Lube oil flow low (test),1,LO,2025-01-16 14:23:45,2025-01-16 14:24:33,2025-01-16 14:33:26,9.7,OP05,Compressor_Building,YES
C-301,C-301.PDI_HI,Filter delta-P high (test),4,HI,2025-01-16 14:24:10,2025-01-16 14:24:58,2025-01-16 14:35:49,11.7,OP05,Compressor_Building,YES
C-301,C-301.TI_HI,Discharge temp high,2,HI,2025-01-16 15:06:28,2025-01-16 15:10:27,2025-01-16 15:17:08,10.7,OP04,Compressor_Building,
P-201,P-201.VI_HI,Pump vibration high,2,HI,2025-01-16 19:40:04,2025-01-16 19:43:43,2025-01-16 19:50:43,10.7,OP04,Pumping_Station_A,
TK-101,TK-101.LI_HI,Tank level high,3,HI,2025-01-17 03:29:56,2025-01-17 03:31:57,2025-01-17 03:50:08,20.2,OP04,Storage_Tank_Farm,
P-201,P-201.VI_HI,Pump vibration high,2,HI,2025-01-17 06:10:42,2025-01-17 06:13:55,2025-01-17 06:13:27,2.7,OP04,Pumping_Station_A,
P-201,P-201.VI_HI,Pump vibration high,2,HI,2025-01-17 09:09:42,2025-01-17 09:14:32,2025-01-17 09:19:40,10.0,OP03,Pumping_Station_A,
P-201,P-201.FI_LO,Discharge flow low,3,LO,2025-01-17 09:34:25,2025-01-17 09:34:45,2025-01-17 10:01:23,27.0,OP04,Pumping_Station_A,
P-201,P-201.FI_LO,Discharge flow low,3,LO,2025-01-17 13:23:19,2025-01-17 13:23:27,2025-01-17 13:45:40,22.4,OP03,Pumping_Station_A,
P-201,P-201.PI_HI,Discharge pressure high,3,HI,2025-01-17 16:56:12,2025-01-17 17:00:28,2025-01-17 17:06:54,10.7,OP04,Pumping_Station_A,
TK-101,TK-101.PI_HI,Tank pressure high,2,HI,2025-01-17 19:05:55,2025-01-17 19:06:30,2025-01-17 19:15:08,9.2,OP04,Storage_Tank_Farm,
TK-101,TK-101.LI_LO,Tank level low,4,LO,2025-01-17 20:42:26,2025-01-17 20:44:19,2025-01-17 21:25:37,43.2,OP01,Storage_Tank_Farm,
P-201,P-201.VI_HI,Pump vibration high,2,HI,2025-01-18 11:49:08,2025-01-18 11:53:40,2025-01-18 11:59:26,10.3,OP05,Pumping_Station_A,
TK-101,TK-101.LI_LO,Tank level low,4,LO,2025-01-18 15:46:16,2025-01-18 15:48:10,2025-01-18 18:03:58,137.7,OP05,Storage_Tank_Farm,
C-301,C-301.TI_HI,Discharge temp high,2,HI,2025-01-18 21:14:16,2025-01-18 21:15:48,2025-01-18 21:24:46,10.5,OP01,Compressor_Building,
P-201,P-201.FI_LO,Discharge flow low,3,LO,2025-01-19 09:51:27,2025-01-19 09:54:28,2025-01-19 10:36:27,45.0,OP03,Pumping_Station_A,
TK-101,TK-101.TI_HI,Tank temperature high,3,HI,2025-01-19 10:06:00,2025-01-19 10:10:16,2025-01-19 10:17:55,11.9,OP05,Storage_Tank_Farm,
C-301,C-301.VI_HI,Compressor vibration high,1,HI,2025-01-19 11:00:01,2025-01-19 11:01:09,2025-01-19 11:04:13,4.2,OP05,Compressor_Building,
TK-101,TK-101.LI_HI,Tank level high,3,HI,2025-01-19 12:12:53,2025-01-19 12:15:44,2025-01-19 12:39:03,26.2,OP05,Storage_Tank_Farm,
TK-101,TK-101.LI_LO,Tank level low,4,LO,2025-01-19 16:19:23,2025-01-19 16:23:20,2025-01-19 18:18:34,119.2,OP05,Storage_Tank_Farm,
C-301,C-301.PDI_HI,Filter delta-P high,4,HI,2025-01-19 18:42:31,2025-01-19 18:44:16,2025-01-19 20:18:46,96.3,OP05,Compressor_Building,
C-301,C-301.PI_LO,Suction pressure low,2,LO,2025-01-19 19:55:46,2025-01-19 19:59:26,2025-01-19 20:08:46,13.0,OP05,Compressor_Building,
C-301,C-301.PI_LO,Suction pressure low,2,LO,2025-01-19 21:16:41,2025-01-19 21:20:52,2025-01-19 21:25:58,9.3,OP03,Compressor_Building,
P-201,P-201.TI_HI,Motor temperature high,2,HI,2025-01-20 01:01:55,2025-01-20 01:03:05,2025-01-20 01:17:18,15.4,OP04,Pumping_Station_A,
TK-101,TK-101.LI_HI,Tank level high,3,HI,2025-01-20 01:34:55,2025-01-20 01:35:25,2025-01-20 01:55:17,20.4,OP04,Storage_Tank_Farm,
C-301,C-301.PDI_HI,Filter delta-P high,4,HI,2025-01-20 04:06:45,2025-01-20 04:10:22,2025-01-20 05:29:21,82.6,OP02,Compressor_Building,
C-301,C-301.PI_LO,Suction pressure low,2,LO,2025-01-20 07:32:42,2025-01-20 07:35:00,2025-01-20 07:42:30,9.8,OP05,Compressor_Building,
P-201,P-201.TI_HI,Motor temperature high,2,HI,2025-01-20 09:37:00,2025-01-20 09:40:14,2025-01-20 09:43:24,6.4,OP03,Pumping_Station_A,
C-301,C-301.VI_HI,Compressor vibration high,1,HI,2025-01-20 10:35:55,2025-01-20 10:36:10,2025-01-20 10:37:47,1.9,OP03,Compressor_Building,
P-201,P-201.VI_HI,Pump vibration high,2,HI,2025-01-20 10:50:15,2025-01-20 10:55:01,2025-01-20 10:54:49,4.6,OP04,Pumping_Station_A,
TK-101,TK-101.LI_LO,Tank level low,4,LO,2025-01-20 11:49:02,2025-01-20 11:52:40,2025-01-20 13:01:32,72.5,OP01,Storage_Tank_Farm,
P-201,P-201.PI_HI,Discharge pressure high,3,HI,2025-01-20 12:29:56,2025-01-20 12:33:15,2025-01-20 12:59:15,29.3,OP02,Pumping_Station_A,
TK-101,TK-101.TI_HI,Tank temperature high,3,HI,2025-01-20 13:32:58,2025-01-20 13:37:03,2025-01-20 13:53:54,20.9,OP05,Storage_Tank_Farm,
P-201,P-201.PI_HI,Discharge pressure high,3,HI,2025-01-20 16:53:04,2025-01-20 16:54:25,2025-01-20 17:17:34,24.5,OP04,Pumping_Station_A,
C-301,C-301.FI_LO,Lube oil flow low,1,LO,2025-01-20 17:16:41,2025-01-20 17:20:35,2025-01-20 17:20:30,3.8,OP05,Compressor_Building,
C-301,C-301.PI_LO,Suction pressure low,2,LO,2025-01-20 18:11:20,2025-01-20 18:11:40,2025-01-20 18:18:50,7.5,OP02,Compressor_Building,
TK-101,TK-101.TI_HI,Tank temperature high,3,HI,2025-01-20 21:33:20,2025-01-20 21:38:01,2025-01-20 22:05:33,32.2,OP02,Storage_Tank_Farm,
P-201,P-201.TI_HI,Motor temperature high,2,HI,2025-01-21 04:49:46,2025-01-21 04:54:28,2025-01-21 04:59:25,9.6,OP01,Pumping_Station_A,
C-301,C-301.PDI_HI,Filter delta-P high,4,HI,2025-01-21 05:22:28,2025-01-21 05:25:10,2025-01-21 05:58:16,35.8,OP04,Compressor_Building,
C-301,C-301.PI_LO,Suction pressure low,2,LO,2025-01-21 07:48:31,2025-01-21 07:50:44,2025-01-21 08:05:03,16.5,OP03,Compressor_Building,
TK-101,TK-101.LI_LO,Tank level low,4,LO,2025-01-21 09:00:12,2025-01-21 09:03:25,2025-01-21 10:11:21,71.2,OP03,Storage_Tank_Farm,
TK-101,TK-101.TI_HI,Tank temperature high,3,HI,2025-01-21 09:44:05,2025-01-21 09:48:03,2025-01-21 10:15:23,31.3,OP03,Storage_Tank_Farm,
TK-101,TK-101.LI_HI,Tank level high,3,HI,2025-01-21 09:50:45,2025-01-21 09:54:40,2025-01-21 09:56:14,5.5,OP02,Storage_Tank_Farm,
TK-101,TK-101.TI_HI,Tank temperature high,3,HI,2025-01-21 10:01:04,2025-01-21 10:02:03,2025-01-21 10:15:36,14.5,OP02,Storage_Tank_Farm,
C-301,C-301.PDI_HI,Filter delta-P high,4,HI,2025-01-21 11:39:51,2025-01-21 11:42:16,2025-01-21 13:08:58,89.1,OP02,Compressor_Building,
C-301,C-301.TI_HI,Discharge temp high,2,HI,2025-01-21 12:22:25,2025-01-21 12:22:41,2025-01-21 12:25:38,3.2,OP01,Compressor_Building,
P-201,P-201.PI_HI,Discharge pressure high,3,HI,2025-01-21 14:42:05,2025-01-21 14:43:31,2025-01-21 15:17:50,35.7,OP03,Pumping_Station_A,
C-301,C-301.VI_HI,Compressor vibration high,1,HI,2025-01-21 16:23:45,2025-01-21 16:27:46,2025-01-21 16:26:42,3.0,OP01,Compressor_Building,
TK-101,TK-101.LI_HI,Tank level high,3,HI,2025-01-21 18:36:52,2025-01-21 18:39:26,2025-01-21 18:59:42,22.8,OP02,Storage_Tank_Farm,
P-201,P-201.VI_HI,Pump vibration high,2,HI,2025-01-22 06:42:40,2025-01-22 06:43:58,2025-01-22 06:53:08,10.5,OP04,Pumping_Station_A,
C-301,C-301.VI_HI,Compressor vibration high,1,HI,2025-01-22 11:05:42,2025-01-22 11:09:41,2025-01-22 11:08:22,2.7,OP03,Compressor_Building,
C-301,C-301.FI_LO,Lube oil flow low,1,LO,2025-01-22 14:04:39,2025-01-22 14:07:47,2025-01-22 14:07:04,2.4,OP02,Compressor_Building,
TK-101,TK-101.TI_HI,Tank temperature high,3,HI,2025-01-22 14:52:10,2025-01-22 14:56:45,2025-01-22 15:19:24,27.2,OP02,Storage_Tank_Farm,
P-201,P-201.VI_HI,Pump vibration high,2,HI,2025-01-22 23:32:27,2025-01-22 23:32:59,2025-01-22 23:39:58,7.5,OP03,Pumping_Station_A,
TK-101,TK-101.LI_LO,Tank level low,4,LO,2025-01-23 10:26:57,2025-01-23 10:28:40,2025-01-23 11:56:25,89.5,OP05,Storage_Tank_Farm,
P-201,P-201.PI_HI,Discharge pressure high,3,HI,2025-01-23 11:04:11,2025-01-23 11:08:49,2025-01-23 11:48:35,44.4,OP05,Pumping_Station_A,
TK-101,TK-101.TI_HI,Tank temperature high,3,HI,2025-01-23 11:53:25,2025-01-23 11:53:52,2025-01-23 12:13:07,19.7,OP02,Storage_Tank_Farm,
C-301,C-301.VI_HI,Compressor vibration high,1,HI,2025-01-23 12:07:43,2025-01-23 12:10:03,2025-01-23 12:11:26,3.7,OP01,Compressor_Building,
P-201,P-201.FI_LO,Discharge flow low,3,LO,2025-01-23 13:35:44,2025-01-23 13:39:39,2025-01-23 14:10:20,34.6,OP02,Pumping_Station_A,
P-201,P-201.PI_HI,Discharge pressure high,3,HI,2025-01-23 15:04:45,2025-01-23 15:05:11,2025-01-23 15:27:40,22.9,OP03,Pumping_Station_A,
C-301,C-301.VI_HI,Compressor vibration high,1,HI,2025-01-23 15:58:42,2025-01-23 16:00:57,2025-01-23 16:02:32,3.8,OP05,Compressor_Building,
P-201,P-201.FI_LO,Discharge flow low,3,LO,2025-01-23 18:27:40,2025-01-23 18:32:12,2025-01-23 18:37:57,10.3,OP01,Pumping_Station_A,
TK-101,TK-101.LI_HI,Tank level high,3,HI,2025-01-23 18:32:34,2025-01-23 18:33:47,2025-01-23 19:08:11,35.6,OP01,Storage_Tank_Farm,
P-201,P-201.FI_LO,Discharge flow low,3,LO,2025-01-23 20:07:14,2025-01-23 20:09:33,2025-01-23 20:26:24,19.2,OP04,Pumping_Station_A,
TK-101,TK-101.LI_LO,Tank level low,4,LO,2025-01-24 04:10:55,2025-01-24 04:14:38,2025-01-24 04:59:33,48.6,OP03,Storage_Tank_Farm,
TK-101,TK-101.LI_HI,Tank level high,3,HI,2025-01-24 05:33:05,2025-01-24 05:33:33,2025-01-24 06:03:40,30.6,OP02,Storage_Tank_Farm,
C-301,C-301.PDI_HI,Filter delta-P high,4,HI,2025-01-24 07:24:09,2025-01-24 07:24:37,2025-01-24 08:28:16,64.1,OP03,Compressor_Building,
TK-101,TK-101.PI_HI,Tank pressure high,2,HI,2025-01-24 09:34:29,2025-01-24 09:36:21,2025-01-24 09:43:18,8.8,OP02,Storage_Tank_Farm,
C-301,C-301.TI_HI,Discharge temp high,2,HI,2025-01-24 11:34:39,2025-01-24 11:39:05,2025-01-24 11:39:56,5.3,OP01,Compressor_Building,
C-301,C-301.PDI_HI,Filter delta-P high,4,HI,2025-01-24 11:49:53,2025-01-24 11:51:47,2025-01-24 12:23:02,33.1,OP04,Compressor_Building,
TK-101,TK-101.TI_HI,Tank temperature high,3,HI,2025-01-24 12:34:19,2025-01-24 12:35:05,2025-01-24 12:55:25,21.1,OP03,Storage_Tank_Farm,
C-301,C-301.PDI_HI,Filter delta-P high,4,HI,2025-01-24 14:15:55,2025-01-24 14:17:06,2025-01-24 15:49:19,93.4,OP03,Compressor_Building,
C-301,C-301.TI_HI,Discharge temp high,2,HI,2025-01-24 21:51:00,2025-01-24 21:55:25,2025-01-24 22:08:37,17.6,OP01,Compressor_Building,
TK-101,TK-101.LI_HI,Tank level high,3,HI,2025-01-24 21:57:13,2025-01-24 21:59:37,2025-01-24 22:38:09,40.9,OP03,Storage_Tank_Farm,
C-301,C-301.FI_LO,Lube oil flow low,1,LO,2025-01-24 22:16:17,2025-01-24 22:18:03,2025-01-24 22:17:55,1.6,OP05,Compressor_Building,
C-301,C-301.VI_HI,Compressor vibration high,1,HI,2025-01-24 22:36:54,2025-01-24 22:40:14,2025-01-24 22:40:53,4.0,OP02,Compressor_Building,
TK-101,TK-101.LI_LO,Tank level low,4,LO,2025-01-24 23:24:17,2025-01-24 23:25:41,2025-01-25 00:00:21,36.1,OP01,Storage_Tank_Farm,
C-301,C-301.VI_HI,Compressor vibration high,1,HI,2025-01-24 23:44:18,2025-01-24 23:44:56,2025-01-24 23:48:40,4.4,OP04,Compressor_Building,
C-301,C-301.VI_HI,Compressor vibration high,1,HI,2025-01-25 04:31:03,2025-01-25 04:35:27,2025-01-25 04:33:39,2.6,OP05,Compressor_Building,
P-201,P-201.TI_HI,Motor temperature high,2,HI,2025-01-25 06:40:11,2025-01-25 06:44:31,2025-01-25 06:48:08,7.9,OP03,Pumping_Station_A,
TK-101,TK-101.PI_HI,Tank pressure high,2,HI,2025-01-25 07:16:03,2025-01-25 07:18:32,2025-01-25 07:22:00,6.0,OP04,Storage_Tank_Farm,
P-201,P-201.FI_LO,Discharge flow low,3,LO,2025-01-25 09:08:06,2025-01-25 09:09:39,2025-01-25 09:33:44,25.6,OP01,Pumping_Station_A,
C-301,C-301.TI_HI,Discharge temp high,2,HI,2025-01-25 12:00:21,2025-01-25 12:03:14,2025-01-25 12:13:45,13.4,OP04,Compressor_Building,
TK-101,TK-101.LI_HI,Tank level high,3,HI,2025-01-25 16:19:21,2025-01-25 16:21:53,2025-01-25 16:50:11,30.8,OP04,Storage_Tank_Farm,
P-201,P-201.PI_HI,Discharge pressure high,3,HI,2025-01-25 16:20:47,2025-01-25 16:23:55,2025-01-25 16:32:45,12.0,OP02,Pumping_Station_A,
TK-101,TK-101.TI_HI,Tank temperature high,3,HI,2025-01-25 23:27:32,2025-01-25 23:30:04,2025-01-26 00:20:30,53.0,OP01,Storage_Tank_Farm,
TK-101,TK-101.TI_HI,Tank temperature high,3,HI,2025-01-26 09:18:51,2025-01-26 09:22:25,2025-01-26 09:26:16,7.4,OP05,Storage_Tank_Farm,
TK-101,TK-101.PI_HI,Tank pressure high,2,HI,2025-01-26 10:19:27,2025-01-26 10:20:56,2025-01-26 10:26:48,7.4,OP05,Storage_Tank_Farm,
C-301,C-301.VI_HI,Compressor vibration high,1,HI,2025-01-26 13:48:12,2025-01-26 13:52:52,2025-01-26 13:51:06,2.9,OP01,Compressor_Building,
TK-101,TK-101.PI_HI,Tank pressure high,2,HI,2025-01-26 14:55:04,2025-01-26 15:00:00,2025-01-26 15:06:10,11.1,OP05,Storage_Tank_Farm,
P-201,P-201.FI_LO,Discharge flow low,3,LO,2025-01-26 18:02:59,2025-01-26 18:07:49,2025-01-26 18:18:18,15.3,OP02,Pumping_Station_A,
C-301,C-301.TI_HI,Discharge temp high,2,HI,2025-01-26 19:32:07,2025-01-26 19:36:40,2025-01-26 19:40:25,8.3,OP02,Compressor_Building,
TK-101,TK-101.LI_LO,Tank level low,4,LO,2025-01-26 20:02:57,2025-01-26 20:07:33,2025-01-26 20:53:30,50.5,OP01,Storage_Tank_Farm,
C-301,C-301.PI_LO,Suction pressure low,2,LO,2025-01-26 21:13:25,2025-01-26 21:16:23,2025-01-26 21:22:30,9.1,OP02,Compressor_Building,
TK-101,TK-101.PI_HI,Tank pressure high,2,HI,2025-01-26 23:20:29,2025-01-26 23:23:49,2025-01-26 23:29:46,9.3,OP01,Storage_Tank_Farm,
C-301,C-301.PDI_HI,Filter delta-P high,4,HI,2025-01-26 23:27:25,2025-01-26 23:28:50,2025-01-27 00:02:22,34.9,OP02,Compressor_Building,
TK-101,TK-101.PI_HI,Tank pressure high,2,HI,2025-01-27 00:13:06,2025-01-27 00:17:32,2025-01-27 00:26:48,13.7,OP01,Storage_Tank_Farm,
P-201,P-201.PI_HI,Discharge pressure high,3,HI,2025-01-27 07:26:57,2025-01-27 07:28:55,2025-01-27 07:53:11,26.2,OP05,Pumping_Station_A,
C-301,C-301.PDI_HI,Filter delta-P high,4,HI,2025-01-27 12:49:00,2025-01-27 12:51:17,2025-01-27 13:14:05,25.1,OP02,Compressor_Building,
TK-101,TK-101.TI_HI,Tank temperature high,3,HI,2025-01-27 15:55:57,2025-01-27 15:59:15,2025-01-27 16:17:51,21.9,OP05,Storage_Tank_Farm,
TK-101,TK-101.LI_HI,Tank level high,3,HI,2025-01-27 17:07:26,2025-01-27 17:10:18,2025-01-27 17:33:10,25.7,OP02,Storage_Tank_Farm,
TK-101,TK-101.LI_HI,Tank level high,3,HI,2025-01-27 20:34:02,2025-01-27 20:34:53,2025-01-27 21:03:41,29.6,OP05,Storage_Tank_Farm,
P-201,P-201.VI_HI,Pump vibration high,2,HI,2025-01-27 23:49:24,2025-01-27 23:53:45,2025-01-27 23:59:30,10.1,OP04,Pumping_Station_A,
TK-101,TK-101.TI_HI,Tank temperature high,3,HI,2025-01-28 03:21:40,2025-01-28 03:22:04,2025-01-28 04:08:02,46.4,OP03,Storage_Tank_Farm,
C-301,C-301.VI_HI,Compressor vibration high,1,HI,2025-01-28 09:14:35,2025-01-28 09:18:26,2025-01-28 09:17:42,3.1,OP05,Compressor_Building,
C-301,C-301.TI_HI,Discharge temp high,2,HI,2025-01-28 10:04:56,2025-01-28 10:06:23,2025-01-28 10:14:44,9.8,OP05,Compressor_Building,
C-301,C-301.PDI_HI,Filter delta-P high,4,HI,2025-01-28 10:44:52,2025-01-28 10:47:43,2025-01-28 12:09:51,85.0,OP03,Compressor_Building,
TK-101,TK-101.LI_LO,Tank level low,4,LO,2025-01-28 12:22:22,2025-01-28 12:24:41,2025-01-28 13:24:39,62.3,OP03,Storage_Tank_Farm,
C-301,C-301.TI_HI,Discharge temp high,2,HI,2025-01-28 12:56:48,2025-01-28 13:00:36,2025-01-28 13:08:29,11.7,OP02,Compressor_Building,
C-301,C-301.TI_HI,Discharge temp high,2,HI,2025-01-28 15:46:36,2025-01-28 15:49:35,2025-01-28 15:56:43,10.1,OP01,Compressor_Building,
P-201,P-201.VI_HI,Pump vibration high,2,HI,2025-01-28 20:11:46,2025-01-28 20:13:35,2025-01-28 20:22:51,11.1,OP02,Pumping_Station_A,
C-301,C-301.PI_LO,Suction pressure low,2,LO,2025-01-28 21:25:39,2025-01-28 21:26:07,2025-01-28 21:32:44,7.1,OP04,Compressor_Building,
P-201,P-201.PI_HI,Discharge pressure high,3,HI,2025-01-28 22:31:45,2025-01-28 22:34:14,2025-01-28 22:44:47,13.0,OP03,Pumping_Station_A,
TK-101,TK-101.TI_HI,Tank temperature high,3,HI,2025-01-29 08:39:20,2025-01-29 08:43:16,2025-01-29 09:16:08,36.8,OP04,Storage_Tank_Farm,
TK-101,TK-101.LI_HI,Tank level high,3,HI,2025-01-29 09:14:46,2025-01-29 09:15:59,2025-01-29 09:43:25,28.7,OP05,Storage_Tank_Farm,
P-201,P-201.TI_HI,Motor temperature high,2,HI,2025-01-29 12:04:21,2025-01-29 12:09:17,2025-01-29 12:19:14,14.9,OP03,Pumping_Station_A,
TK-101,TK-101.LI_HI,Tank level high,3,HI,2025-01-29 13:23:47,2025-01-29 13:25:51,2025-01-29 13:58:17,34.5,OP05,Storage_Tank_Farm,
P-201,P-201.VI_HI,Pump vibration high,2,HI,2025-01-29 18:16:48,2025-01-29 18:20:59,2025-01-29 18:28:04,11.3,OP03,Pumping_Station_A,
C-301,C-301.PI_LO,Suction pressure low,2,LO,2025-01-29 18:16:51,2025-01-29 18:21:06,2025-01-29 18:21:52,5.0,OP04,Compressor_Building,
C-301,C-301.PDI_HI,Filter delta-P high,4,HI,2025-01-29 18:25:41,2025-01-29 18:30:31,2025-01-29 18:44:18,18.6,OP03,Compressor_Building,
P-201,P-201.TI_HI,Motor temperature high,2,HI,2025-01-30 02:58:24,2025-01-30 03:01:17,2025-01-30 03:11:12,12.8,OP01,Pumping_Station_A,
P-201,P-201.VI_HI,Pump vibration high,2,HI,2025-01-30 10:37:38,2025-01-30 10:38:59,2025-01-30 10:46:11,8.5,OP01,Pumping_Station_A,
C-301,C-301.VI_HI,Compressor vibration high,1,HI,2025-01-30 11:50:01,2025-01-30 11:52:37,2025-01-30 11:53:47,3.8,OP04,Compressor_Building,
P-201,P-201.TI_HI,Motor temperature high,2,HI,2025-01-30 12:55:30,2025-01-30 12:59:45,2025-01-30 13:01:56,6.4,OP03,Pumping_Station_A,
C-301,C-301.TI_HI,Discharge temp high,2,HI,2025-01-30 16:39:09,2025-01-30 16:41:41,2025-01-30 16:45:29,6.3,OP01,Compressor_Building,
C-301,C-301.PI_LO,Suction pressure low,2,LO,2025-01-30 16:56:41,2025-01-30 17:00:57,2025-01-30 17:04:48,8.1,OP01,Compressor_Building,
C-301,C-301.VI_HI,Compressor vibration high,1,HI,2025-01-30 19:01:08,2025-01-30 19:05:33,2025-01-30 19:04:09,3.0,OP03,Compressor_Building,
P-201,P-201.PI_HI,Discharge pressure high,3,HI,2025-01-30 21:19:46,2025-01-30 21:20:33,2025-01-30 21:54:01,34.2,OP03,Pumping_Station_A,
