asset_id,date,alarm_count,exceeds_isa_target
P-0100,2025-01-01,4,False
P-0100,2025-01-02,5,False
P-0100,2025-01-03,8,False
P-0100,2025-01-04,4,False
P-0100,2025-01-05,2,False
P-0100,2025-01-06,10,False
P-0100,2025-01-07,7,False
P-0100,2025-01-08,6,False
P-0100,2025-01-09,2,False
P-0100,2025-01-10,7,False
P-0100,2025-01-11,3,False
P-0100,2025-01-12,4,False
P-0100,2025-01-13,3,False
P-0100,2025-01-14,7,False
P-0100,2025-01-15,7,False
P-0100,2025-01-16,5,False
P-0100,2025-01-17,9,False
P-0100,2025-01-18,4,False
P-0100,2025-01-19,7,False
P-0100,2025-01-20,7,False
P-0100,2025-01-21,2,False
P-0100,2025-01-22,9,False
P-0100,2025-01-23,3,False
P-0100,2025-01-24,3,False
P-0100,2025-01-25,10,False
P-0100,2025-01-26,8,False
P-0100,2025-01-27,6,False
P-0100,2025-01-28,4,False
P-0100,2025-01-29,6,False
P-0100,2025-01-30,8,False
P-0100,2025-01-31,9,False
P-0100,2025-02-01,4,False
P-0100,2025-02-02,5,False
P-0100,2025-02-03,6,False
P-0100,2025-02-04,5,False
P-0100,2025-02-05,5,False
P-0100,2025-02-06,7,False
P-0100,2025-02-07,8,False
P-0100,2025-02-08,3,False
P-0100,2025-02-09,6,False
P-0100,2025-02-10,4,False
P-0100,2025-02-11,5,False
P-0100,2025-02-12,5,False
P-0100,2025-02-13,5,False
P-0100,2025-02-14,8,False
P-0100,2025-02-15,3,False
P-0100,2025-02-16,8,False
P-0100,2025-02-17,7,False
P-0100,2025-02-18,10,False
P-0100,2025-02-19,7,False
P-0100,2025-02-20,4,False
P-0100,2025-02-21,4,False
P-0100,2025-02-22,10,False
P-0100,2025-02-23,5,False
P-0100,2025-02-24,6,False
P-0100,2025-02-25,2,False
P-0100,2025-02-26,5,False
P-0100,2025-02-27,8,False
P-0100,2025-02-28,7,False
P-0100,2025-03-01,7,False
P-0100,2025-03-02,8,False
P-0100,2025-03-03,5,False
P-0100,2025-03-04,9,False
P-0100,2025-03-05,2,False
P-0100,2025-03-06,4,False
P-0100,2025-03-07,3,False
P-0100,2025-03-08,9,False
P-0100,2025-03-09,7,False
P-0100,2025-03-10,5,False
P-0100,2025-03-11,3,False
P-0100,2025-03-12,4,False
P-0100,2025-03-13,8,False
P-0100,2025-03-14,6,False
P-0100,2025-03-15,4,False
P-0100,2025-03-16,7,False
P-0100,2025-03-17,9,False
P-0100,2025-03-18,12,False
P-0100,2025-03-19,6,False
P-0100,2025-03-20,7,False
P-0100,2025-03-21,9,False
P-0100,2025-03-22,4,False
P-0100,2025-03-23,4,False
P-0100,2025-03-24,5,False
P-0100,2025-03-25,7,False
P-0100,2025-03-26,4,False
P-0100,2025-03-27,5,False
P-0100,2025-03-28,10,False
P-0100,2025-03-29,9,False
P-0100,2025-03-30,7,False
P-0100,2025-03-31,7,False
P-0100,2025-04-01,6,False
P-0100,2025-04-02,6,False
P-0100,2025-04-03,7,False
P-0100,2025-04-04,8,False
P-0100,2025-04-05,5,False
P-0100,2025-04-06,11,False
P-0100,2025-04-07,4,False
P-0100,2025-04-08,7,False
P-0100,2025-04-09,13,False
P-0100,2025-04-10,12,False
P-0100,2025-04-11,7,False
P-0100,2025-04-12,6,False
P-0100,2025-04-13,3,False
P-0100,2025-04-14,4,False
P-0100,2025-04-15,7,False
P-0100,2025-04-16,10,False
P-0100,2025-04-17,7,False
P-0100,2025-04-18,11,False
P-0100,2025-04-19,5,False
P-0100,2025-04-20,8,False
P-0100,2025-04-21,7,False
P-0100,2025-04-22,9,False
P-0100,2025-04-23,8,False
P-0100,2025-04-24,4,False
P-0100,2025-04-25,8,False
P-0100,2025-04-26,7,False
P-0100,2025-04-27,10,False
P-0100,2025-04-28,12,False
P-0100,2025-04-29,9,False
P-0100,2025-04-30,9,False
P-0100,2025-05-01,13,False
P-0100,2025-05-02,10,False
P-0100,2025-05-03,8,False
P-0100,2025-05-04,9,False
P-0100,2025-05-05,9,False
P-0100,2025-05-06,10,False
P-0100,2025-05-07,12,False
P-0100,2025-05-08,13,False
P-0100,2025-05-09,11,False
P-0100,2025-05-10,6,False
P-0100,2025-05-11,16,False
P-0100,2025-05-12,11,False
P-0100,2025-05-13,9,False
P-0100,2025-05-14,12,False
P-0100,2025-05-15,11,False
P-0100,2025-05-16,12,False
P-0100,2025-05-17,10,False
P-0100,2025-05-18,15,False
P-0100,2025-05-19,12,False
P-0100,2025-05-20,14,False
P-0100,2025-05-21,10,False
P-0100,2025-05-22,17,False
P-0100,2025-05-23,10,False
P-0100,2025-05-24,10,False
P-0100,2025-05-25,15,False
P-0100,2025-05-26,14,False
P-0100,2025-05-27,10,False
P-0100,2025-05-28,13,False
P-0100,2025-05-29,23,False
P-0100,2025-05-30,8,False
P-0100,2025-05-31,13,False
P-0100,2025-06-01,16,False
P-0100,2025-06-02,12,False
P-0100,2025-06-03,13,False
P-0100,2025-06-04,15,False
P-0100,2025-06-05,12,False
P-0100,2025-06-06,14,False
P-0100,2025-06-07,13,False
P-0100,2025-06-08,11,False
P-0100,2025-06-09,13,False
P-0100,2025-06-10,13,False
P-0100,2025-06-11,13,False
P-0100,2025-06-12,19,False
P-0100,2025-06-13,15,False
P-0100,2025-06-14,15,False
P-0100,2025-06-15,15,False
P-0100,2025-06-16,19,False
P-0100,2025-06-17,12,False
P-0100,2025-06-18,13,False
P-0100,2025-06-19,15,False
P-0100,2025-06-20,19,False
P-0100,2025-06-21,16,False
P-0100,2025-06-22,15,False
P-0100,2025-06-23,18,False
P-0100,2025-06-24,15,False
P-0100,2025-06-25,17,False
P-0100,2025-06-26,20,False
P-0100,2025-06-27,11,False
P-0100,2025-06-28,16,False
P-0100,2025-06-29,17,False
P-0100,2025-06-30,12,False
P-0100,2025-07-01,20,False
P-0100,2025-07-02,14,False
P-0100,2025-07-03,19,False
P-0100,2025-07-04,16,False
P-0100,2025-07-05,14,False
P-0100,2025-07-06,17,False
P-0100,2025-07-07,15,False
P-0100,2025-07-08,17,False
P-0100,2025-07-09,19,False
P-0100,2025-07-10,21,False
P-0100,2025-07-11,23,False
P-0100,2025-07-12,19,False
P-0100,2025-07-13,16,False
P-0100,2025-07-14,17,False
P-0100,2025-07-15,16,False
P-0100,2025-07-16,18,False
P-0100,2025-07-17,15,False
P-0100,2025-07-18,20,False
P-0100,2025-07-19,20,False
P-0100,2025-07-20,18,False
P-0100,2025-07-21,18,False
P-0100,2025-07-22,21,False
P-0100,2025-07-23,21,False
P-0100,2025-07-24,17,False
P-0100,2025-07-25,22,False
P-0100,2025-07-26,21,False
P-0100,2025-07-27,20,False
P-0100,2025-07-28,19,False
P-0100,2025-07-29,23,False
P-0100,2025-07-30,21,False
P-0100,2025-07-31,17,False
P-0100,2025-08-01,24,False
P-0100,2025-08-02,17,False
P-0100,2025-08-03,20,False
P-0100,2025-08-04,19,False
P-0100,2025-08-05,22,False
P-0100,2025-08-06,23,False
P-0100,2025-08-07,18,False
P-0100,2025-08-08,20,False
P-0100,2025-08-09,23,False
P-0100,2025-08-10,22,False
P-0100,2025-08-11,23,False
P-0100,2025-08-12,19,False
P-0100,2025-08-13,22,False
P-0100,2025-08-14,20,False
P-0100,2025-08-15,25,False
P-0100,2025-08-16,22,False
P-0100,2025-08-17,23,False
P-0100,2025-08-18,23,False
P-0100,2025-08-19,24,False
P-0100,2025-08-20,20,False
P-0100,2025-08-21,28,False
P-0100,2025-08-22,24,False
P-0100,2025-08-23,25,False
P-0100,2025-08-24,25,False
P-0100,2025-08-25,22,False
P-0100,2025-08-26,22,False
P-0100,2025-08-27,21,False
P-0100,2025-08-28,20,False
P-0100,2025-08-29,22,False
P-0100,2025-08-30,28,False
P-0100,2025-08-31,24,False
P-0100,2025-09-01,24,False
P-0100,2025-09-02,22,False
P-0100,2025-09-03,24,False
P-0100,2025-09-04,29,False
P-0100,2025-09-05,23,False
P-0100,2025-09-06,22,False
P-0100,2025-09-07,22,False
P-0100,2025-09-08,26,False
P-0100,2025-09-09,24,False
P-0100,2025-09-10,23,False
P-0100,2025-09-11,21,False
P-0100,2025-09-12,22,False
P-0100,2025-09-13,28,False
P-0100,2025-09-14,24,False
P-0100,2025-09-15,27,False
P-0100,2025-09-16,23,False
P-0100,2025-09-17,27,False
P-0100,2025-09-18,24,False
P-0100,2025-09-19,24,False
P-0100,2025-09-20,25,False
P-0100,2025-09-21,25,False
P-0100,2025-09-22,24,False
P-0100,2025-09-23,22,False
P-0100,2025-09-24,25,False
P-0100,2025-09-25,25,False
P-0100,2025-09-26,28,False
P-0100,2025-09-27,23,False
P-0100,2025-09-28,33,False
P-0100,2025-09-29,29,False
P-0100,2025-09-30,30,False
P-0100,2025-10-01,27,False
P-0100,2025-10-02,25,False
P-0100,2025-10-03,26,False
P-0100,2025-10-04,26,False
P-0100,2025-10-05,31,False
P-0100,2025-10-06,31,False
P-0100,2025-10-07,29,False
P-0100,2025-10-08,28,False
P-0100,2025-10-09,29,False
P-0100,2025-10-10,29,False
P-0100,2025-10-11,28,False
P-0100,2025-10-12,23,False
P-0100,2025-10-13,34,False
P-0100,2025-10-14,32,False
P-0100,2025-10-15,30,False
P-0100,2025-10-16,31,False
P-0100,2025-10-17,28,False
P-0100,2025-10-18,29,False
P-0100,2025-10-19,31,False
P-0100,2025-10-20,32,False
P-0100,2025-10-21,31,False
P-0100,2025-10-22,37,False
P-0100,2025-10-23,32,False
P-0100,2025-10-24,30,False
P-0100,2025-10-25,33,False
P-0100,2025-10-26,26,False
P-0100,2025-10-27,31,False
P-0100,2025-10-28,29,False
P-0100,2025-10-29,28,False
P-0100,2025-10-30,36,False
P-0100,2025-10-31,27,False
P-0100,2025-11-01,36,False
P-0100,2025-11-02,28,False
P-0100,2025-11-03,29,False
P-0100,2025-11-04,34,False
P-0100,2025-11-05,32,False
P-0100,2025-11-06,33,False
P-0100,2025-11-07,33,False
P-0100,2025-11-08,35,False
P-0100,2025-11-09,32,False
P-0100,2025-11-10,32,False
P-0100,2025-11-11,31,False
P-0100,2025-11-12,33,False
P-0100,2025-11-13,26,False
P-0100,2025-11-14,36,False
P-0100,2025-11-15,31,False
P-0100,2025-11-16,33,False
P-0100,2025-11-17,28,False
P-0100,2025-11-18,32,False
P-0100,2025-11-19,31,False
P-0100,2025-11-20,34,False
P-0100,2025-11-21,31,False
P-0100,2025-11-22,33,False
P-0100,2025-11-23,37,False
P-0100,2025-11-24,38,False
P-0100,2025-11-25,36,False
P-0100,2025-11-26,31,False
P-0100,2025-11-27,33,False
P-0100,2025-11-28,33,False
P-0100,2025-11-29,36,False
P-0100,2025-11-30,33,False
P-0100,2025-12-01,37,False
P-0100,2025-12-02,33,False
P-0100,2025-12-03,35,False
P-0100,2025-12-04,34,False
P-0100,2025-12-05,31,False
P-0100,2025-12-06,36,False
P-0100,2025-12-07,36,False
P-0100,2025-12-08,34,False
P-0100,2025-12-09,32,False
P-0100,2025-12-10,39,False
P-0100,2025-12-11,38,False
P-0100,2025-12-12,35,False
P-0100,2025-12-13,37,False
P-0100,2025-12-14,40,False
P-0100,2025-12-15,35,False
P-0100,2025-12-16,41,False
P-0100,2025-12-17,36,False
P-0100,2025-12-18,42,False
P-0100,2025-12-19,38,False
P-0100,2025-12-20,38,False
P-0100,2025-12-21,35,False
P-0100,2025-12-22,40,False
P-0100,2025-12-23,35,False
P-0100,2025-12-24,35,False
P-0100,2025-12-25,36,False
P-0100,2025-12-26,33,False
P-0100,2025-12-27,3,False
P-0100,2025-12-28,3,False
P-0100,2025-12-29,6,False
P-0100,2025-12-30,6,False
P-0100,2025-12-31,2,False
P-0200,2025-01-01,7,False
P-0200,2025-01-02,9,False
P-0200,2025-01-03,8,False
P-0200,2025-01-04,8,False
P-0200,2025-01-05,5,False
P-0200,2025-01-06,10,False
P-0200,2025-01-07,7,False
P-0200,2025-01-08,6,False
P-0200,2025-01-09,6,False
P-0200,2025-01-10,6,False
P-0200,2025-01-11,6,False
P-0200,2025-01-12,10,False
P-0200,2025-01-13,7,False
P-0200,2025-01-14,3,False
P-0200,2025-01-15,5,False
P-0200,2025-01-16,6,False
P-0200,2025-01-17,7,False
P-0200,2025-01-18,9,False
P-0200,2025-01-19,8,False
P-0200,2025-01-20,17,False
P-0200,2025-01-21,6,False
P-0200,2025-01-22,5,False
P-0200,2025-01-23,4,False
P-0200,2025-01-24,7,False
P-0200,2025-01-25,7,False
P-0200,2025-01-26,8,False
P-0200,2025-01-27,6,False
P-0200,2025-01-28,4,False
P-0200,2025-01-29,6,False
P-0200,2025-01-30,5,False
P-0200,2025-01-31,6,False
P-0200,2025-02-01,4,False
P-0200,2025-02-02,3,False
P-0200,2025-02-03,3,False
P-0200,2025-02-04,9,False
P-0200,2025-02-05,3,False
P-0200,2025-02-06,3,False
P-0200,2025-02-07,4,False
P-0200,2025-02-08,6,False
P-0200,2025-02-09,4,False
P-0200,2025-02-10,5,False
P-0200,2025-02-11,6,False
P-0200,2025-02-12,5,False
P-0200,2025-02-13,3,False
P-0200,2025-02-14,6,False
P-0200,2025-02-15,4,False
P-0200,2025-02-16,2,False
P-0200,2025-02-17,1,False
P-0200,2025-02-18,3,False
P-0200,2025-02-19,5,False
P-0200,2025-02-20,5,False
P-0200,2025-02-21,4,False
P-0200,2025-02-22,2,False
P-0200,2025-02-23,5,False
P-0200,2025-02-24,6,False
P-0200,2025-02-25,7,False
P-0200,2025-02-26,5,False
P-0200,2025-02-27,10,False
P-0200,2025-02-28,3,False
P-0200,2025-03-01,6,False
P-0200,2025-03-02,2,False
P-0200,2025-03-03,8,False
P-0200,2025-03-04,5,False
P-0200,2025-03-05,4,False
P-0200,2025-03-06,4,False
P-0200,2025-03-07,9,False
P-0200,2025-03-08,4,False
P-0200,2025-03-09,5,False
P-0200,2025-03-10,6,False
P-0200,2025-03-11,5,False
P-0200,2025-03-12,7,False
P-0200,2025-03-13,5,False
P-0200,2025-03-14,6,False
P-0200,2025-03-15,8,False
P-0200,2025-03-16,7,False
P-0200,2025-03-17,9,False
P-0200,2025-03-18,6,False
P-0200,2025-03-19,7,False
P-0200,2025-03-20,6,False
P-0200,2025-03-21,10,False
P-0200,2025-03-22,6,False
P-0200,2025-03-23,4,False
P-0200,2025-03-24,6,False
P-0200,2025-03-25,1,False
P-0200,2025-03-26,8,False
P-0200,2025-03-27,6,False
P-0200,2025-03-28,8,False
P-0200,2025-03-29,4,False
P-0200,2025-03-30,5,False
P-0200,2025-03-31,7,False
P-0200,2025-04-01,6,False
P-0200,2025-04-02,4,False
P-0200,2025-04-03,6,False
P-0200,2025-04-04,2,False
P-0200,2025-04-05,10,False
P-0200,2025-04-06,11,False
P-0200,2025-04-07,8,False
P-0200,2025-04-08,3,False
P-0200,2025-04-09,3,False
P-0200,2025-04-10,6,False
P-0200,2025-04-11,6,False
P-0200,2025-04-12,8,False
P-0200,2025-04-13,4,False
P-0200,2025-04-14,5,False
P-0200,2025-04-15,7,False
P-0200,2025-04-16,8,False
P-0200,2025-04-17,5,False
P-0200,2025-04-18,3,False
P-0200,2025-04-19,3,False
P-0200,2025-04-20,4,False
P-0200,2025-04-21,5,False
P-0200,2025-04-22,8,False
P-0200,2025-04-23,4,False
P-0200,2025-04-24,7,False
P-0200,2025-04-25,7,False
P-0200,2025-04-26,11,False
P-0200,2025-04-27,6,False
P-0200,2025-04-28,6,False
P-0200,2025-04-29,7,False
P-0200,2025-04-30,10,False
P-0200,2025-05-01,5,False
P-0200,2025-05-02,7,False
P-0200,2025-05-03,10,False
P-0200,2025-05-04,9,False
P-0200,2025-05-05,6,False
P-0200,2025-05-06,5,False
P-0200,2025-05-07,9,False
P-0200,2025-05-08,9,False
P-0200,2025-05-09,6,False
P-0200,2025-05-10,8,False
P-0200,2025-05-11,4,False
P-0200,2025-05-12,4,False
P-0200,2025-05-13,5,False
P-0200,2025-05-15,4,False
P-0200,2025-05-16,4,False
P-0200,2025-05-17,6,False
P-0200,2025-05-18,2,False
P-0200,2025-05-19,5,False
P-0200,2025-05-20,4,False
P-0200,2025-05-21,10,False
P-0200,2025-05-22,8,False
P-0200,2025-05-23,6,False
P-0200,2025-05-24,2,False
P-0200,2025-05-25,9,False
P-0200,2025-05-26,4,False
P-0200,2025-05-27,7,False
P-0200,2025-05-28,6,False
P-0200,2025-05-29,6,False
P-0200,2025-05-30,2,False
P-0200,2025-05-31,7,False
P-0200,2025-06-01,6,False
P-0200,2025-06-02,11,False
P-0200,2025-06-03,5,False
P-0200,2025-06-04,4,False
P-0200,2025-06-05,2,False
P-0200,2025-06-06,4,False
P-0200,2025-06-07,4,False
P-0200,2025-06-08,6,False
P-0200,2025-06-09,6,False
P-0200,2025-06-10,3,False
P-0200,2025-06-11,11,False
P-0200,2025-06-12,7,False
P-0200,2025-06-13,7,False
P-0200,2025-06-14,11,False
P-0200,2025-06-15,7,False
P-0200,2025-06-16,9,False
P-0200,2025-06-17,8,False
P-0200,2025-06-18,7,False
P-0200,2025-06-19,4,False
P-0200,2025-06-20,8,False
P-0200,2025-06-21,6,False
P-0200,2025-06-22,1,False
P-0200,2025-06-23,7,False
P-0200,2025-06-24,9,False
P-0200,2025-06-25,9,False
P-0200,2025-06-26,5,False
P-0200,2025-06-27,8,False
P-0200,2025-06-28,7,False
P-0200,2025-06-29,6,False
P-0200,2025-06-30,12,False
P-0200,2025-07-01,9,False
P-0200,2025-07-02,5,False
P-0200,2025-07-03,4,False
P-0200,2025-07-04,5,False
P-0200,2025-07-05,3,False
P-0200,2025-07-06,6,False
P-0200,2025-07-07,13,False
P-0200,2025-07-08,3,False
P-0200,2025-07-09,11,False
P-0200,2025-07-10,3,False
P-0200,2025-07-11,7,False
P-0200,2025-07-12,7,False
P-0200,2025-07-13,4,False
P-0200,2025-07-14,8,False
P-0200,2025-07-15,4,False
P-0200,2025-07-16,8,False
P-0200,2025-07-17,9,False
P-0200,2025-07-18,9,False
P-0200,2025-07-19,2,False
P-0200,2025-07-20,6,False
P-0200,2025-07-21,5,False
P-0200,2025-07-22,7,False
P-0200,2025-07-23,6,False
P-0200,2025-07-24,4,False
P-0200,2025-07-25,8,False
P-0200,2025-07-26,9,False
P-0200,2025-07-27,9,False
P-0200,2025-07-28,6,False
P-0200,2025-07-29,5,False
P-0200,2025-07-30,2,False
P-0200,2025-07-31,5,False
P-0200,2025-08-01,4,False
P-0200,2025-08-02,6,False
P-0200,2025-08-03,5,False
P-0200,2025-08-04,5,False
P-0200,2025-08-05,8,False
P-0200,2025-08-06,5,False
P-0200,2025-08-07,10,False
P-0200,2025-08-08,5,False
P-0200,2025-08-09,4,False
P-0200,2025-08-10,8,False
P-0200,2025-08-11,10,False
P-0200,2025-08-12,4,False
P-0200,2025-08-13,5,False
P-0200,2025-08-14,3,False
P-0200,2025-08-15,5,False
P-0200,2025-08-16,11,False
P-0200,2025-08-17,6,False
P-0200,2025-08-18,2,False
P-0200,2025-08-19,4,False
P-0200,2025-08-20,4,False
P-0200,2025-08-21,5,False
P-0200,2025-08-22,3,False
P-0200,2025-08-23,6,False
P-0200,2025-08-24,5,False
P-0200,2025-08-25,6,False
P-0200,2025-08-26,9,False
P-0200,2025-08-27,9,False
P-0200,2025-08-28,8,False
P-0200,2025-08-29,3,False
P-0200,2025-08-30,7,False
P-0200,2025-08-31,6,False
P-0200,2025-09-01,2,False
P-0200,2025-09-02,2,False
P-0200,2025-09-03,9,False
P-0200,2025-09-04,5,False
P-0200,2025-09-05,4,False
P-0200,2025-09-06,9,False
P-0200,2025-09-07,6,False
P-0200,2025-09-08,6,False
P-0200,2025-09-09,11,False
P-0200,2025-09-10,5,False
P-0200,2025-09-11,8,False
P-0200,2025-09-12,7,False
P-0200,2025-09-13,2,False
P-0200,2025-09-14,9,False
P-0200,2025-09-15,8,False
P-0200,2025-09-16,12,False
P-0200,2025-09-17,6,False
P-0200,2025-09-18,8,False
P-0200,2025-09-19,4,False
P-0200,2025-09-20,6,False
P-0200,2025-09-21,6,False
P-0200,2025-09-22,6,False
P-0200,2025-09-23,2,False
P-0200,2025-09-24,7,False
P-0200,2025-09-25,6,False
P-0200,2025-09-26,4,False
P-0200,2025-09-27,8,False
P-0200,2025-09-28,5,False
P-0200,2025-09-29,4,False
P-0200,2025-09-30,5,False
P-0200,2025-10-01,11,False
P-0200,2025-10-02,5,False
P-0200,2025-10-03,6,False
P-0200,2025-10-04,7,False
P-0200,2025-10-05,7,False
P-0200,2025-10-06,8,False
P-0200,2025-10-07,8,False
P-0200,2025-10-08,4,False
P-0200,2025-10-09,4,False
P-0200,2025-10-10,3,False
P-0200,2025-10-11,9,False
P-0200,2025-10-12,4,False
P-0200,2025-10-13,8,False
P-0200,2025-10-14,4,False
P-0200,2025-10-15,5,False
P-0200,2025-10-16,9,False
P-0200,2025-10-17,5,False
P-0200,2025-10-18,6,False
P-0200,2025-10-19,6,False
P-0200,2025-10-20,10,False
P-0200,2025-10-21,7,False
P-0200,2025-10-22,7,False
P-0200,2025-10-23,6,False
P-0200,2025-10-24,4,False
P-0200,2025-10-25,4,False
P-0200,2025-10-26,5,False
P-0200,2025-10-27,7,False
P-0200,2025-10-28,6,False
P-0200,2025-10-29,5,False
P-0200,2025-10-30,3,False
P-0200,2025-10-31,5,False
P-0200,2025-11-01,5,False
P-0200,2025-11-02,2,False
P-0200,2025-11-03,10,False
P-0200,2025-11-04,13,False
P-0200,2025-11-05,3,False
P-0200,2025-11-06,3,False
P-0200,2025-11-07,5,False
P-0200,2025-11-08,9,False
P-0200,2025-11-09,6,False
P-0200,2025-11-10,9,False
P-0200,2025-11-11,4,False
P-0200,2025-11-12,9,False
P-0200,2025-11-13,4,False
P-0200,2025-11-14,3,False
P-0200,2025-11-15,4,False
P-0200,2025-11-16,7,False
P-0200,2025-11-17,3,False
P-0200,2025-11-18,6,False
P-0200,2025-11-19,6,False
P-0200,2025-11-20,5,False
P-0200,2025-11-21,3,False
P-0200,2025-11-22,3,False
P-0200,2025-11-23,2,False
P-0200,2025-11-24,5,False
P-0200,2025-11-25,7,False
P-0200,2025-11-26,4,False
P-0200,2025-11-27,3,False
P-0200,2025-11-28,3,False
P-0200,2025-11-29,9,False
P-0200,2025-11-30,7,False
P-0200,2025-12-01,6,False
P-0200,2025-12-02,8,False
P-0200,2025-12-03,6,False
P-0200,2025-12-04,5,False
P-0200,2025-12-05,3,False
P-0200,2025-12-06,4,False
P-0200,2025-12-07,5,False
P-0200,2025-12-08,5,False
P-0200,2025-12-09,4,False
P-0200,2025-12-10,6,False
P-0200,2025-12-11,5,False
P-0200,2025-12-12,4,False
P-0200,2025-12-13,5,False
P-0200,2025-12-14,4,False
P-0200,2025-12-15,5,False
P-0200,2025-12-16,8,False
P-0200,2025-12-17,8,False
P-0200,2025-12-18,8,False
P-0200,2025-12-19,6,False
P-0200,2025-12-20,6,False
P-0200,2025-12-21,4,False
P-0200,2025-12-22,7,False
P-0200,2025-12-23,6,False
P-0200,2025-12-24,5,False
P-0200,2025-12-25,8,False
P-0200,2025-12-26,11,False
P-0200,2025-12-27,7,False
P-0200,2025-12-28,4,False
P-0200,2025-12-29,8,False
P-0200,2025-12-30,4,False
P-0200,2025-12-31,4,False
P-0300,2025-01-01,7,False
P-0300,2025-01-02,4,False
P-0300,2025-01-03,7,False
P-0300,2025-01-04,6,False
P-0300,2025-01-05,8,False
P-0300,2025-01-06,3,False
P-0300,2025-01-07,2,False
P-0300,2025-01-08,7,False
P-0300,2025-01-09,5,False
P-0300,2025-01-10,5,False
P-0300,2025-01-11,4,False
P-0300,2025-01-12,6,False
P-0300,2025-01-13,8,False
P-0300,2025-01-14,11,False
P-0300,2025-01-15,6,False
P-0300,2025-01-16,12,False
P-0300,2025-01-17,9,False
P-0300,2025-01-18,7,False
P-0300,2025-01-19,4,False
P-0300,2025-01-20,5,False
P-0300,2025-01-21,6,False
P-0300,2025-01-22,6,False
P-0300,2025-01-23,4,False
P-0300,2025-01-24,7,False
P-0300,2025-01-25,6,False
P-0300,2025-01-26,8,False
P-0300,2025-01-27,4,False
P-0300,2025-01-28,5,False
P-0300,2025-01-29,4,False
P-0300,2025-01-30,6,False
P-0300,2025-01-31,8,False
P-0300,2025-02-01,7,False
P-0300,2025-02-02,12,False
P-0300,2025-02-03,6,False
P-0300,2025-02-04,9,False
P-0300,2025-02-05,4,False
P-0300,2025-02-06,9,False
P-0300,2025-02-07,7,False
P-0300,2025-02-08,7,False
P-0300,2025-02-09,5,False
P-0300,2025-02-10,4,False
P-0300,2025-02-11,5,False
P-0300,2025-02-12,4,False
P-0300,2025-02-13,5,False
P-0300,2025-02-14,9,False
P-0300,2025-02-15,7,False
P-0300,2025-02-16,6,False
P-0300,2025-02-17,4,False
P-0300,2025-02-18,7,False
P-0300,2025-02-19,7,False
P-0300,2025-02-20,8,False
P-0300,2025-02-21,4,False
P-0300,2025-02-22,4,False
P-0300,2025-02-23,1,False
P-0300,2025-02-24,9,False
P-0300,2025-02-25,8,False
P-0300,2025-02-26,6,False
P-0300,2025-02-27,2,False
P-0300,2025-02-28,4,False
P-0300,2025-03-01,9,False
P-0300,2025-03-02,3,False
P-0300,2025-03-03,6,False
P-0300,2025-03-04,4,False
P-0300,2025-03-05,8,False
P-0300,2025-03-06,7,False
P-0300,2025-03-07,8,False
P-0300,2025-03-08,7,False
P-0300,2025-03-10,1,False
P-0300,2025-03-11,10,False
P-0300,2025-03-12,9,False
P-0300,2025-03-13,5,False
P-0300,2025-03-14,6,False
P-0300,2025-03-15,6,False
P-0300,2025-03-16,9,False
P-0300,2025-03-17,10,False
P-0300,2025-03-18,6,False
P-0300,2025-03-19,4,False
P-0300,2025-03-20,4,False
P-0300,2025-03-21,10,False
P-0300,2025-03-22,10,False
P-0300,2025-03-23,2,False
P-0300,2025-03-24,6,False
P-0300,2025-03-25,9,False
P-0300,2025-03-26,7,False
P-0300,2025-03-27,4,False
P-0300,2025-03-28,3,False
P-0300,2025-03-29,4,False
P-0300,2025-03-30,4,False
P-0300,2025-03-31,4,False
P-0300,2025-04-01,2,False
P-0300,2025-04-02,6,False
P-0300,2025-04-03,8,False
P-0300,2025-04-04,9,False
P-0300,2025-04-05,3,False
P-0300,2025-04-06,12,False
P-0300,2025-04-07,4,False
P-0300,2025-04-08,6,False
P-0300,2025-04-09,9,False
P-0300,2025-04-10,6,False
P-0300,2025-04-11,6,False
P-0300,2025-04-12,10,False
P-0300,2025-04-13,10,False
P-0300,2025-04-14,7,False
P-0300,2025-04-15,6,False
P-0300,2025-04-16,6,False
P-0300,2025-04-17,9,False
P-0300,2025-04-18,7,False
P-0300,2025-04-19,7,False
P-0300,2025-04-20,3,False
P-0300,2025-04-21,2,False
P-0300,2025-04-22,4,False
P-0300,2025-04-23,11,False
P-0300,2025-04-24,7,False
P-0300,2025-04-25,5,False
P-0300,2025-04-26,5,False
P-0300,2025-04-27,4,False
P-0300,2025-04-28,8,False
P-0300,2025-04-29,4,False
P-0300,2025-04-30,5,False
P-0300,2025-05-01,4,False
P-0300,2025-05-02,4,False
P-0300,2025-05-03,10,False
P-0300,2025-05-04,4,False
P-0300,2025-05-05,5,False
P-0300,2025-05-06,9,False
P-0300,2025-05-07,5,False
P-0300,2025-05-08,3,False
P-0300,2025-05-09,6,False
P-0300,2025-05-10,6,False
P-0300,2025-05-11,3,False
P-0300,2025-05-12,5,False
P-0300,2025-05-13,6,False
P-0300,2025-05-14,5,False
P-0300,2025-05-15,4,False
P-0300,2025-05-16,9,False
P-0300,2025-05-17,6,False
P-0300,2025-05-18,7,False
P-0300,2025-05-19,5,False
P-0300,2025-05-20,8,False
P-0300,2025-05-21,7,False
P-0300,2025-05-22,7,False
P-0300,2025-05-23,6,False
P-0300,2025-05-24,7,False
P-0300,2025-05-25,5,False
P-0300,2025-05-26,8,False
P-0300,2025-05-27,7,False
P-0300,2025-05-28,9,False
P-0300,2025-05-29,5,False
P-0300,2025-05-30,5,False
P-0300,2025-05-31,11,False
P-0300,2025-06-01,9,False
P-0300,2025-06-02,6,False
P-0300,2025-06-03,4,False
P-0300,2025-06-04,6,False
P-0300,2025-06-05,7,False
P-0300,2025-06-06,2,False
P-0300,2025-06-07,9,False
P-0300,2025-06-08,7,False
P-0300,2025-06-09,5,False
P-0300,2025-06-10,8,False
P-0300,2025-06-11,10,False
P-0300,2025-06-12,5,False
P-0300,2025-06-13,6,False
P-0300,2025-06-14,11,False
P-0300,2025-06-15,10,False
P-0300,2025-06-16,4,False
P-0300,2025-06-17,10,False
P-0300,2025-06-18,6,False
P-0300,2025-06-19,4,False
P-0300,2025-06-20,4,False
P-0300,2025-06-21,6,False
P-0300,2025-06-22,4,False
P-0300,2025-06-23,3,False
P-0300,2025-06-24,6,False
P-0300,2025-06-25,9,False
P-0300,2025-06-26,3,False
P-0300,2025-06-27,4,False
P-0300,2025-06-28,12,False
P-0300,2025-06-29,8,False
P-0300,2025-06-30,2,False
P-0300,2025-07-01,3,False
P-0300,2025-07-02,6,False
P-0300,2025-07-03,5,False
P-0300,2025-07-04,5,False
P-0300,2025-07-05,8,False
P-0300,2025-07-06,2,False
P-0300,2025-07-07,6,False
P-0300,2025-07-08,3,False
P-0300,2025-07-09,4,False
P-0300,2025-07-10,6,False
P-0300,2025-07-11,5,False
P-0300,2025-07-12,5,False
P-0300,2025-07-13,14,False
P-0300,2025-07-14,11,False
P-0300,2025-07-15,8,False
P-0300,2025-07-16,2,False
P-0300,2025-07-17,8,False
P-0300,2025-07-18,10,False
P-0300,2025-07-19,9,False
P-0300,2025-07-20,5,False
P-0300,2025-07-21,8,False
P-0300,2025-07-22,10,False
P-0300,2025-07-23,12,False
P-0300,2025-07-24,8,False
P-0300,2025-07-25,10,False
P-0300,2025-07-26,10,False
P-0300,2025-07-27,9,False
P-0300,2025-07-28,9,False
P-0300,2025-07-29,12,False
P-0300,2025-07-30,8,False
P-0300,2025-07-31,14,False
P-0300,2025-08-01,14,False
P-0300,2025-08-02,12,False
P-0300,2025-08-03,15,False
P-0300,2025-08-04,12,False
P-0300,2025-08-05,13,False
P-0300,2025-08-06,15,False
P-0300,2025-08-07,21,False
P-0300,2025-08-08,15,False
P-0300,2025-08-09,19,False
P-0300,2025-08-10,16,False
P-0300,2025-08-11,14,False
P-0300,2025-08-12,16,False
P-0300,2025-08-13,15,False
P-0300,2025-08-14,17,False
P-0300,2025-08-15,20,False
P-0300,2025-08-16,15,False
P-0300,2025-08-17,16,False
P-0300,2025-08-18,19,False
P-0300,2025-08-19,20,False
P-0300,2025-08-20,20,False
P-0300,2025-08-21,18,False
P-0300,2025-08-22,23,False
P-0300,2025-08-23,19,False
P-0300,2025-08-24,17,False
P-0300,2025-08-25,24,False
P-0300,2025-08-26,25,False
P-0300,2025-08-27,22,False
P-0300,2025-08-28,24,False
P-0300,2025-08-29,23,False
P-0300,2025-08-30,25,False
P-0300,2025-08-31,25,False
P-0300,2025-09-01,21,False
P-0300,2025-09-02,27,False
P-0300,2025-09-03,28,False
P-0300,2025-09-04,23,False
P-0300,2025-09-05,22,False
P-0300,2025-09-06,25,False
P-0300,2025-09-07,23,False
P-0300,2025-09-08,28,False
P-0300,2025-09-09,27,False
P-0300,2025-09-10,28,False
P-0300,2025-09-11,24,False
P-0300,2025-09-12,28,False
P-0300,2025-09-13,26,False
P-0300,2025-09-14,26,False
P-0300,2025-09-15,35,False
P-0300,2025-09-16,28,False
P-0300,2025-09-17,28,False
P-0300,2025-09-18,3,False
P-0300,2025-09-19,5,False
P-0300,2025-09-20,5,False
P-0300,2025-09-21,10,False
P-0300,2025-09-22,2,False
P-0300,2025-09-23,4,False
P-0300,2025-09-24,4,False
P-0300,2025-09-25,5,False
P-0300,2025-09-26,10,False
P-0300,2025-09-27,13,False
P-0300,2025-09-28,7,False
P-0300,2025-09-29,5,False
P-0300,2025-09-30,3,False
P-0300,2025-10-01,7,False
P-0300,2025-10-02,6,False
P-0300,2025-10-03,4,False
P-0300,2025-10-04,3,False
P-0300,2025-10-05,2,False
P-0300,2025-10-06,5,False
P-0300,2025-10-07,7,False
P-0300,2025-10-08,4,False
P-0300,2025-10-09,7,False
P-0300,2025-10-10,6,False
P-0300,2025-10-11,5,False
P-0300,2025-10-12,6,False
P-0300,2025-10-13,3,False
P-0300,2025-10-14,7,False
P-0300,2025-10-15,6,False
P-0300,2025-10-16,4,False
P-0300,2025-10-17,5,False
P-0300,2025-10-18,1,False
P-0300,2025-10-19,8,False
P-0300,2025-10-20,3,False
P-0300,2025-10-21,16,False
P-0300,2025-10-22,3,False
P-0300,2025-10-23,5,False
P-0300,2025-10-24,4,False
P-0300,2025-10-25,7,False
P-0300,2025-10-26,6,False
P-0300,2025-10-27,6,False
P-0300,2025-10-28,6,False
P-0300,2025-10-29,1,False
P-0300,2025-10-30,4,False
P-0300,2025-10-31,9,False
P-0300,2025-11-01,11,False
P-0300,2025-11-02,6,False
P-0300,2025-11-03,8,False
P-0300,2025-11-04,6,False
P-0300,2025-11-05,4,False
P-0300,2025-11-06,5,False
P-0300,2025-11-07,4,False
P-0300,2025-11-08,6,False
P-0300,2025-11-09,5,False
P-0300,2025-11-10,8,False
P-0300,2025-11-11,6,False
P-0300,2025-11-12,6,False
P-0300,2025-11-13,8,False
P-0300,2025-11-14,4,False
P-0300,2025-11-15,10,False
P-0300,2025-11-16,1,False
P-0300,2025-11-17,3,False
P-0300,2025-11-18,6,False
P-0300,2025-11-19,6,False
P-0300,2025-11-20,6,False
P-0300,2025-11-21,6,False
P-0300,2025-11-22,6,False
P-0300,2025-11-23,7,False
P-0300,2025-11-24,5,False
P-0300,2025-11-25,8,False
P-0300,2025-11-26,7,False
P-0300,2025-11-27,2,False
P-0300,2025-11-28,4,False
P-0300,2025-11-29,2,False
P-0300,2025-11-30,6,False
P-0300,2025-12-01,6,False
P-0300,2025-12-02,6,False
P-0300,2025-12-03,8,False
P-0300,2025-12-04,3,False
P-0300,2025-12-05,7,False
P-0300,2025-12-06,4,False
P-0300,2025-12-07,4,False
P-0300,2025-12-08,4,False
P-0300,2025-12-09,2,False
P-0300,2025-12-10,8,False
P-0300,2025-12-11,4,False
P-0300,2025-12-12,6,False
P-0300,2025-12-13,6,False
P-0300,2025-12-14,9,False
P-0300,2025-12-15,7,False
P-0300,2025-12-16,2,False
P-0300,2025-12-17,7,False
P-0300,2025-12-18,10,False
P-0300,2025-12-19,3,False
P-0300,2025-12-20,7,False
P-0300,2025-12-21,3,False
P-0300,2025-12-22,6,False
P-0300,2025-12-23,6,False
P-0300,2025-12-24,5,False
P-0300,2025-12-25,3,False
P-0300,2025-12-26,5,False
P-0300,2025-12-27,8,False
P-0300,2025-12-28,6,False
P-0300,2025-12-29,8,False
P-0300,2025-12-30,8,False
P-0300,2025-12-31,6,False
P-0400,2025-01-01,8,False
P-0400,2025-01-02,7,False
P-0400,2025-01-03,5,False
P-0400,2025-01-04,9,False
P-0400,2025-01-05,8,False
P-0400,2025-01-06,4,False
P-0400,2025-01-07,7,False
P-0400,2025-01-08,4,False
P-0400,2025-01-09,4,False
P-0400,2025-01-10,5,False
P-0400,2025-01-11,8,False
P-0400,2025-01-12,7,False
P-0400,2025-01-13,7,False
P-0400,2025-01-14,4,False
P-0400,2025-01-15,3,False
P-0400,2025-01-16,9,False
P-0400,2025-01-17,4,False
P-0400,2025-01-18,5,False
P-0400,2025-01-19,5,False
P-0400,2025-01-20,5,False
P-0400,2025-01-21,3,False
P-0400,2025-01-22,4,False
P-0400,2025-01-23,8,False
P-0400,2025-01-24,5,False
P-0400,2025-01-25,4,False
P-0400,2025-01-26,2,False
P-0400,2025-01-27,9,False
P-0400,2025-01-28,4,False
P-0400,2025-01-29,4,False
P-0400,2025-01-30,7,False
P-0400,2025-01-31,3,False
P-0400,2025-02-01,6,False
P-0400,2025-02-02,3,False
P-0400,2025-02-03,3,False
P-0400,2025-02-04,9,False
P-0400,2025-02-05,4,False
P-0400,2025-02-06,6,False
P-0400,2025-02-07,6,False
P-0400,2025-02-08,6,False
P-0400,2025-02-09,5,False
P-0400,2025-02-10,8,False
P-0400,2025-02-11,6,False
P-0400,2025-02-12,5,False
P-0400,2025-02-13,5,False
P-0400,2025-02-14,9,False
P-0400,2025-02-15,9,False
P-0400,2025-02-16,7,False
P-0400,2025-02-17,5,False
P-0400,2025-02-18,6,False
P-0400,2025-02-19,7,False
P-0400,2025-02-20,9,False
P-0400,2025-02-21,4,False
P-0400,2025-02-22,10,False
P-0400,2025-02-23,6,False
P-0400,2025-02-24,2,False
P-0400,2025-02-25,4,False
P-0400,2025-02-26,4,False
P-0400,2025-02-27,5,False
P-0400,2025-02-28,7,False
P-0400,2025-03-01,5,False
P-0400,2025-03-02,6,False
P-0400,2025-03-03,6,False
P-0400,2025-03-04,5,False
P-0400,2025-03-05,3,False
P-0400,2025-03-06,5,False
P-0400,2025-03-07,10,False
P-0400,2025-03-08,8,False
P-0400,2025-03-09,5,False
P-0400,2025-03-10,8,False
P-0400,2025-03-11,6,False
P-0400,2025-03-12,3,False
P-0400,2025-03-13,5,False
P-0400,2025-03-14,7,False
P-0400,2025-03-15,4,False
P-0400,2025-03-16,4,False
P-0400,2025-03-17,6,False
P-0400,2025-03-18,3,False
P-0400,2025-03-19,6,False
P-0400,2025-03-20,3,False
P-0400,2025-03-21,5,False
P-0400,2025-03-22,11,False
P-0400,2025-03-23,9,False
P-0400,2025-03-24,11,False
P-0400,2025-03-25,3,False
P-0400,2025-03-26,5,False
P-0400,2025-03-27,5,False
P-0400,2025-03-28,4,False
P-0400,2025-03-29,4,False
P-0400,2025-03-30,3,False
P-0400,2025-03-31,7,False
P-0400,2025-04-01,1,False
P-0400,2025-04-02,8,False
P-0400,2025-04-03,3,False
P-0400,2025-04-04,8,False
P-0400,2025-04-05,6,False
P-0400,2025-04-06,10,False
P-0400,2025-04-07,7,False
P-0400,2025-04-08,7,False
P-0400,2025-04-09,10,False
P-0400,2025-04-10,5,False
P-0400,2025-04-11,10,False
P-0400,2025-04-12,7,False
P-0400,2025-04-13,6,False
P-0400,2025-04-14,5,False
P-0400,2025-04-15,9,False
P-0400,2025-04-16,8,False
P-0400,2025-04-17,5,False
P-0400,2025-04-18,5,False
P-0400,2025-04-19,6,False
P-0400,2025-04-20,4,False
P-0400,2025-04-21,5,False
P-0400,2025-04-22,6,False
P-0400,2025-04-23,7,False
P-0400,2025-04-24,7,False
P-0400,2025-04-25,6,False
P-0400,2025-04-26,5,False
P-0400,2025-04-27,4,False
P-0400,2025-04-28,2,False
P-0400,2025-04-29,12,False
P-0400,2025-04-30,6,False
P-0400,2025-05-01,6,False
P-0400,2025-05-02,5,False
P-0400,2025-05-03,6,False
P-0400,2025-05-04,9,False
P-0400,2025-05-05,7,False
P-0400,2025-05-06,10,False
P-0400,2025-05-07,2,False
P-0400,2025-05-08,3,False
P-0400,2025-05-09,5,False
P-0400,2025-05-10,5,False
P-0400,2025-05-11,9,False
P-0400,2025-05-12,4,False
P-0400,2025-05-13,4,False
P-0400,2025-05-14,1,False
P-0400,2025-05-15,8,False
P-0400,2025-05-16,3,False
P-0400,2025-05-17,7,False
P-0400,2025-05-18,7,False
P-0400,2025-05-19,2,False
P-0400,2025-05-20,7,False
P-0400,2025-05-21,3,False
P-0400,2025-05-22,7,False
P-0400,2025-05-23,6,False
P-0400,2025-05-24,5,False
P-0400,2025-05-25,6,False
P-0400,2025-05-26,3,False
P-0400,2025-05-27,6,False
P-0400,2025-05-28,7,False
P-0400,2025-05-29,10,False
P-0400,2025-05-30,5,False
P-0400,2025-05-31,5,False
P-0400,2025-06-01,8,False
P-0400,2025-06-02,10,False
P-0400,2025-06-03,4,False
P-0400,2025-06-04,6,False
P-0400,2025-06-05,3,False
P-0400,2025-06-06,6,False
P-0400,2025-06-07,8,False
P-0400,2025-06-08,8,False
P-0400,2025-06-09,9,False
P-0400,2025-06-10,6,False
P-0400,2025-06-11,2,False
P-0400,2025-06-12,7,False
P-0400,2025-06-13,3,False
P-0400,2025-06-14,3,False
P-0400,2025-06-15,7,False
P-0400,2025-06-16,4,False
P-0400,2025-06-17,9,False
P-0400,2025-06-18,4,False
P-0400,2025-06-19,4,False
P-0400,2025-06-20,7,False
P-0400,2025-06-21,9,False
P-0400,2025-06-22,8,False
P-0400,2025-06-23,4,False
P-0400,2025-06-24,5,False
P-0400,2025-06-25,4,False
P-0400,2025-06-26,6,False
P-0400,2025-06-27,11,False
P-0400,2025-06-28,8,False
P-0400,2025-06-29,7,False
P-0400,2025-06-30,3,False
P-0400,2025-07-01,4,False
P-0400,2025-07-02,6,False
P-0400,2025-07-03,5,False
P-0400,2025-07-04,5,False
P-0400,2025-07-05,7,False
P-0400,2025-07-06,7,False
P-0400,2025-07-07,4,False
P-0400,2025-07-08,11,False
P-0400,2025-07-09,6,False
P-0400,2025-07-10,4,False
P-0400,2025-07-11,4,False
P-0400,2025-07-12,5,False
P-0400,2025-07-13,2,False
P-0400,2025-07-14,6,False
P-0400,2025-07-15,8,False
P-0400,2025-07-16,7,False
P-0400,2025-07-17,5,False
P-0400,2025-07-18,8,False
P-0400,2025-07-19,3,False
P-0400,2025-07-20,5,False
P-0400,2025-07-21,7,False
P-0400,2025-07-22,7,False
P-0400,2025-07-23,7,False
P-0400,2025-07-24,11,False
P-0400,2025-07-25,6,False
P-0400,2025-07-26,5,False
P-0400,2025-07-27,6,False
P-0400,2025-07-28,6,False
P-0400,2025-07-29,6,False
P-0400,2025-07-30,10,False
P-0400,2025-07-31,6,False
P-0400,2025-08-01,5,False
P-0400,2025-08-02,5,False
P-0400,2025-08-03,10,False
P-0400,2025-08-04,8,False
P-0400,2025-08-05,4,False
P-0400,2025-08-06,4,False
P-0400,2025-08-07,6,False
P-0400,2025-08-08,7,False
P-0400,2025-08-09,4,False
P-0400,2025-08-10,5,False
P-0400,2025-08-11,2,False
P-0400,2025-08-12,8,False
P-0400,2025-08-13,8,False
P-0400,2025-08-14,7,False
P-0400,2025-08-15,3,False
P-0400,2025-08-16,6,False
P-0400,2025-08-17,6,False
P-0400,2025-08-18,4,False
P-0400,2025-08-19,7,False
P-0400,2025-08-20,6,False
P-0400,2025-08-21,7,False
P-0400,2025-08-22,6,False
P-0400,2025-08-23,4,False
P-0400,2025-08-24,2,False
P-0400,2025-08-25,5,False
P-0400,2025-08-26,6,False
P-0400,2025-08-27,7,False
P-0400,2025-08-28,7,False
P-0400,2025-08-29,8,False
P-0400,2025-08-30,11,False
P-0400,2025-08-31,8,False
P-0400,2025-09-01,13,False
P-0400,2025-09-02,9,False
P-0400,2025-09-03,8,False
P-0400,2025-09-04,3,False
P-0400,2025-09-05,3,False
P-0400,2025-09-06,6,False
P-0400,2025-09-07,4,False
P-0400,2025-09-08,12,False
P-0400,2025-09-09,7,False
P-0400,2025-09-10,7,False
P-0400,2025-09-11,7,False
P-0400,2025-09-12,4,False
P-0400,2025-09-13,6,False
P-0400,2025-09-14,5,False
P-0400,2025-09-15,3,False
P-0400,2025-09-16,7,False
P-0400,2025-09-17,7,False
P-0400,2025-09-18,5,False
P-0400,2025-09-19,5,False
P-0400,2025-09-20,9,False
P-0400,2025-09-21,3,False
P-0400,2025-09-22,6,False
P-0400,2025-09-23,6,False
P-0400,2025-09-24,4,False
P-0400,2025-09-25,5,False
P-0400,2025-09-26,8,False
P-0400,2025-09-27,2,False
P-0400,2025-09-28,11,False
P-0400,2025-09-29,6,False
P-0400,2025-09-30,5,False
P-0400,2025-10-01,5,False
P-0400,2025-10-02,3,False
P-0400,2025-10-03,4,False
P-0400,2025-10-04,8,False
P-0400,2025-10-05,10,False
P-0400,2025-10-06,6,False
P-0400,2025-10-07,8,False
P-0400,2025-10-08,5,False
P-0400,2025-10-09,5,False
P-0400,2025-10-10,4,False
P-0400,2025-10-11,7,False
P-0400,2025-10-12,7,False
P-0400,2025-10-13,2,False
P-0400,2025-10-14,3,False
P-0400,2025-10-15,10,False
P-0400,2025-10-16,8,False
P-0400,2025-10-17,5,False
P-0400,2025-10-18,10,False
P-0400,2025-10-19,10,False
P-0400,2025-10-20,5,False
P-0400,2025-10-21,7,False
P-0400,2025-10-22,6,False
P-0400,2025-10-23,6,False
P-0400,2025-10-24,9,False
P-0400,2025-10-25,7,False
P-0400,2025-10-26,3,False
P-0400,2025-10-27,9,False
P-0400,2025-10-28,6,False
P-0400,2025-10-29,8,False
P-0400,2025-10-30,3,False
P-0400,2025-10-31,5,False
P-0400,2025-11-01,3,False
P-0400,2025-11-02,7,False
P-0400,2025-11-03,8,False
P-0400,2025-11-04,4,False
P-0400,2025-11-05,3,False
P-0400,2025-11-06,6,False
P-0400,2025-11-07,8,False
P-0400,2025-11-08,7,False
P-0400,2025-11-09,11,False
P-0400,2025-11-10,7,False
P-0400,2025-11-11,10,False
P-0400,2025-11-12,10,False
P-0400,2025-11-13,1,False
P-0400,2025-11-14,7,False
P-0400,2025-11-15,5,False
P-0400,2025-11-16,5,False
P-0400,2025-11-17,8,False
P-0400,2025-11-18,12,False
P-0400,2025-11-19,4,False
P-0400,2025-11-20,10,False
P-0400,2025-11-21,3,False
P-0400,2025-11-22,12,False
P-0400,2025-11-23,7,False
P-0400,2025-11-24,9,False
P-0400,2025-11-25,6,False
P-0400,2025-11-26,6,False
P-0400,2025-11-27,6,False
P-0400,2025-11-28,9,False
P-0400,2025-11-29,5,False
P-0400,2025-11-30,2,False
P-0400,2025-12-01,7,False
P-0400,2025-12-02,4,False
P-0400,2025-12-03,5,False
P-0400,2025-12-04,8,False
P-0400,2025-12-05,4,False
P-0400,2025-12-06,6,False
P-0400,2025-12-07,5,False
P-0400,2025-12-08,6,False
P-0400,2025-12-09,8,False
P-0400,2025-12-10,3,False
P-0400,2025-12-11,7,False
P-0400,2025-12-12,3,False
P-0400,2025-12-13,4,False
P-0400,2025-12-14,4,False
P-0400,2025-12-15,5,False
P-0400,2025-12-16,5,False
P-0400,2025-12-17,9,False
P-0400,2025-12-18,3,False
P-0400,2025-12-19,6,False
P-0400,2025-12-20,5,False
P-0400,2025-12-21,4,False
P-0400,2025-12-22,5,False
P-0400,2025-12-23,8,False
P-0400,2025-12-24,4,False
P-0400,2025-12-25,3,False
P-0400,2025-12-26,6,False
P-0400,2025-12-27,4,False
P-0400,2025-12-28,4,False
P-0400,2025-12-29,2,False
P-0400,2025-12-30,3,False
P-0400,2025-12-31,7,False
P-0500,2025-01-01,3,False
P-0500,2025-01-02,6,False
P-0500,2025-01-03,5,False
P-0500,2025-01-04,6,False
P-0500,2025-01-05,8,False
P-0500,2025-01-06,6,False
P-0500,2025-01-07,5,False
P-0500,2025-01-08,5,False
P-0500,2025-01-09,2,False
P-0500,2025-01-10,5,False
P-0500,2025-01-11,2,False
P-0500,2025-01-12,2,False
P-0500,2025-01-13,5,False
P-0500,2025-01-14,3,False
P-0500,2025-01-15,6,False
P-0500,2025-01-16,8,False
P-0500,2025-01-17,5,False
P-0500,2025-01-18,11,False
P-0500,2025-01-19,10,False
P-0500,2025-01-20,6,False
P-0500,2025-01-21,8,False
P-0500,2025-01-22,7,False
P-0500,2025-01-23,9,False
P-0500,2025-01-24,7,False
P-0500,2025-01-25,6,False
P-0500,2025-01-26,7,False
P-0500,2025-01-27,9,False
P-0500,2025-01-28,7,False
P-0500,2025-01-29,8,False
P-0500,2025-01-30,6,False
P-0500,2025-01-31,4,False
P-0500,2025-02-01,6,False
P-0500,2025-02-02,4,False
P-0500,2025-02-03,7,False
P-0500,2025-02-04,4,False
P-0500,2025-02-05,7,False
P-0500,2025-02-06,8,False
P-0500,2025-02-07,4,False
P-0500,2025-02-08,3,False
P-0500,2025-02-09,6,False
P-0500,2025-02-10,5,False
P-0500,2025-02-11,5,False
P-0500,2025-02-12,10,False
P-0500,2025-02-13,5,False
P-0500,2025-02-14,5,False
P-0500,2025-02-15,7,False
P-0500,2025-02-16,6,False
P-0500,2025-02-17,2,False
P-0500,2025-02-18,4,False
P-0500,2025-02-19,7,False
P-0500,2025-02-20,5,False
P-0500,2025-02-21,8,False
P-0500,2025-02-22,12,False
P-0500,2025-02-23,6,False
P-0500,2025-02-24,7,False
P-0500,2025-02-25,5,False
P-0500,2025-02-26,3,False
P-0500,2025-02-27,5,False
P-0500,2025-02-28,3,False
P-0500,2025-03-01,8,False
P-0500,2025-03-02,5,False
P-0500,2025-03-03,1,False
P-0500,2025-03-04,5,False
P-0500,2025-03-05,9,False
P-0500,2025-03-06,6,False
P-0500,2025-03-07,4,False
P-0500,2025-03-08,9,False
P-0500,2025-03-09,8,False
P-0500,2025-03-10,5,False
P-0500,2025-03-11,6,False
P-0500,2025-03-12,4,False
P-0500,2025-03-13,3,False
P-0500,2025-03-14,6,False
P-0500,2025-03-15,5,False
P-0500,2025-03-16,5,False
P-0500,2025-03-17,14,False
P-0500,2025-03-18,13,False
P-0500,2025-03-19,4,False
P-0500,2025-03-20,6,False
P-0500,2025-03-21,10,False
P-0500,2025-03-22,6,False
P-0500,2025-03-23,7,False
P-0500,2025-03-24,4,False
P-0500,2025-03-25,5,False
P-0500,2025-03-26,3,False
P-0500,2025-03-27,7,False
P-0500,2025-03-28,4,False
P-0500,2025-03-29,3,False
P-0500,2025-03-30,6,False
P-0500,2025-03-31,3,False
P-0500,2025-04-01,7,False
P-0500,2025-04-02,7,False
P-0500,2025-04-03,6,False
P-0500,2025-04-05,3,False
P-0500,2025-04-06,5,False
P-0500,2025-04-07,6,False
P-0500,2025-04-08,3,False
P-0500,2025-04-09,11,False
P-0500,2025-04-10,8,False
P-0500,2025-04-11,5,False
P-0500,2025-04-12,4,False
P-0500,2025-04-13,5,False
P-0500,2025-04-14,6,False
P-0500,2025-04-15,13,False
P-0500,2025-04-16,6,False
P-0500,2025-04-17,7,False
P-0500,2025-04-18,15,False
P-0500,2025-04-19,6,False
P-0500,2025-04-20,7,False
P-0500,2025-04-21,1,False
P-0500,2025-04-22,2,False
P-0500,2025-04-23,11,False
P-0500,2025-04-24,3,False
P-0500,2025-04-25,3,False
P-0500,2025-04-26,2,False
P-0500,2025-04-27,9,False
P-0500,2025-04-28,7,False
P-0500,2025-04-29,7,False
P-0500,2025-04-30,5,False
P-0500,2025-05-01,8,False
P-0500,2025-05-02,10,False
P-0500,2025-05-03,9,False
P-0500,2025-05-04,5,False
P-0500,2025-05-05,5,False
P-0500,2025-05-06,8,False
P-0500,2025-05-07,11,False
P-0500,2025-05-08,9,False
P-0500,2025-05-09,4,False
P-0500,2025-05-10,4,False
P-0500,2025-05-11,11,False
P-0500,2025-05-12,5,False
P-0500,2025-05-13,6,False
P-0500,2025-05-14,9,False
P-0500,2025-05-15,4,False
P-0500,2025-05-16,10,False
P-0500,2025-05-17,9,False
P-0500,2025-05-18,6,False
P-0500,2025-05-19,7,False
P-0500,2025-05-20,9,False
P-0500,2025-05-21,4,False
P-0500,2025-05-22,2,False
P-0500,2025-05-23,8,False
P-0500,2025-05-24,8,False
P-0500,2025-05-25,9,False
P-0500,2025-05-26,8,False
P-0500,2025-05-27,8,False
P-0500,2025-05-28,5,False
P-0500,2025-05-29,8,False
P-0500,2025-05-30,5,False
P-0500,2025-05-31,14,False
P-0500,2025-06-01,5,False
P-0500,2025-06-02,4,False
P-0500,2025-06-03,8,False
P-0500,2025-06-04,10,False
P-0500,2025-06-05,7,False
P-0500,2025-06-06,10,False
P-0500,2025-06-07,11,False
P-0500,2025-06-08,7,False
P-0500,2025-06-09,8,False
P-0500,2025-06-10,8,False
P-0500,2025-06-11,13,False
P-0500,2025-06-12,7,False
P-0500,2025-06-13,9,False
P-0500,2025-06-14,15,False
P-0500,2025-06-15,15,False
P-0500,2025-06-16,10,False
P-0500,2025-06-17,11,False
P-0500,2025-06-18,8,False
P-0500,2025-06-19,9,False
P-0500,2025-06-20,11,False
P-0500,2025-06-21,11,False
P-0500,2025-06-22,9,False
P-0500,2025-06-23,9,False
P-0500,2025-06-24,13,False
P-0500,2025-06-25,13,False
P-0500,2025-06-26,14,False
P-0500,2025-06-27,11,False
P-0500,2025-06-28,9,False
P-0500,2025-06-29,14,False
P-0500,2025-06-30,14,False
P-0500,2025-07-01,10,False
P-0500,2025-07-02,17,False
P-0500,2025-07-03,16,False
P-0500,2025-07-04,14,False
P-0500,2025-07-05,16,False
P-0500,2025-07-06,12,False
P-0500,2025-07-07,17,False
P-0500,2025-07-08,16,False
P-0500,2025-07-09,18,False
P-0500,2025-07-10,12,False
P-0500,2025-07-11,12,False
P-0500,2025-07-12,18,False
P-0500,2025-07-13,15,False
P-0500,2025-07-14,16,False
P-0500,2025-07-15,15,False
P-0500,2025-07-16,14,False
P-0500,2025-07-17,17,False
P-0500,2025-07-18,19,False
P-0500,2025-07-19,18,False
P-0500,2025-07-20,22,False
P-0500,2025-07-21,17,False
P-0500,2025-07-22,21,False
P-0500,2025-07-23,21,False
P-0500,2025-07-24,15,False
P-0500,2025-07-25,17,False
P-0500,2025-07-26,22,False
P-0500,2025-07-27,20,False
P-0500,2025-07-28,15,False
P-0500,2025-07-29,20,False
P-0500,2025-07-30,20,False
P-0500,2025-07-31,21,False
P-0500,2025-08-01,17,False
P-0500,2025-08-02,20,False
P-0500,2025-08-03,21,False
P-0500,2025-08-04,25,False
P-0500,2025-08-05,23,False
P-0500,2025-08-06,21,False
P-0500,2025-08-07,19,False
P-0500,2025-08-08,24,False
P-0500,2025-08-09,26,False
P-0500,2025-08-10,20,False
P-0500,2025-08-11,22,False
P-0500,2025-08-12,19,False
P-0500,2025-08-13,24,False
P-0500,2025-08-14,26,False
P-0500,2025-08-15,20,False
P-0500,2025-08-16,23,False
P-0500,2025-08-17,23,False
P-0500,2025-08-18,24,False
P-0500,2025-08-19,26,False
P-0500,2025-08-20,26,False
P-0500,2025-08-21,26,False
P-0500,2025-08-22,26,False
P-0500,2025-08-23,26,False
P-0500,2025-08-24,22,False
P-0500,2025-08-25,23,False
P-0500,2025-08-26,27,False
P-0500,2025-08-27,26,False
P-0500,2025-08-28,26,False
P-0500,2025-08-29,27,False
P-0500,2025-08-30,30,False
P-0500,2025-08-31,25,False
P-0500,2025-09-01,27,False
P-0500,2025-09-02,28,False
P-0500,2025-09-03,30,False
P-0500,2025-09-04,29,False
P-0500,2025-09-05,27,False
P-0500,2025-09-06,29,False
P-0500,2025-09-07,27,False
P-0500,2025-09-08,30,False
P-0500,2025-09-09,35,False
P-0500,2025-09-10,31,False
P-0500,2025-09-11,28,False
P-0500,2025-09-12,27,False
P-0500,2025-09-13,30,False
P-0500,2025-09-14,31,False
P-0500,2025-09-15,31,False
P-0500,2025-09-16,27,False
P-0500,2025-09-17,32,False
P-0500,2025-09-18,34,False
P-0500,2025-09-19,36,False
P-0500,2025-09-20,33,False
P-0500,2025-09-21,30,False
P-0500,2025-09-22,33,False
P-0500,2025-09-23,30,False
P-0500,2025-09-24,36,False
P-0500,2025-09-25,36,False
P-0500,2025-09-26,29,False
P-0500,2025-09-27,33,False
P-0500,2025-09-28,5,False
P-0500,2025-09-29,8,False
P-0500,2025-09-30,3,False
P-0500,2025-10-01,6,False
P-0500,2025-10-02,5,False
P-0500,2025-10-03,8,False
P-0500,2025-10-04,3,False
P-0500,2025-10-05,5,False
P-0500,2025-10-06,5,False
P-0500,2025-10-07,8,False
P-0500,2025-10-08,5,False
P-0500,2025-10-09,8,False
P-0500,2025-10-10,7,False
P-0500,2025-10-11,3,False
P-0500,2025-10-12,5,False
P-0500,2025-10-13,6,False
P-0500,2025-10-14,8,False
P-0500,2025-10-15,7,False
P-0500,2025-10-16,5,False
P-0500,2025-10-17,8,False
P-0500,2025-10-18,8,False
P-0500,2025-10-19,5,False
P-0500,2025-10-20,5,False
P-0500,2025-10-21,10,False
P-0500,2025-10-22,8,False
P-0500,2025-10-23,9,False
P-0500,2025-10-24,4,False
P-0500,2025-10-25,7,False
P-0500,2025-10-26,10,False
P-0500,2025-10-27,6,False
P-0500,2025-10-28,5,False
P-0500,2025-10-29,2,False
P-0500,2025-10-30,5,False
P-0500,2025-10-31,5,False
P-0500,2025-11-01,6,False
P-0500,2025-11-02,9,False
P-0500,2025-11-03,6,False
P-0500,2025-11-04,5,False
P-0500,2025-11-05,4,False
P-0500,2025-11-06,3,False
P-0500,2025-11-07,7,False
P-0500,2025-11-08,5,False
P-0500,2025-11-09,3,False
P-0500,2025-11-10,8,False
P-0500,2025-11-11,5,False
P-0500,2025-11-12,2,False
P-0500,2025-11-13,6,False
P-0500,2025-11-14,4,False
P-0500,2025-11-15,4,False
P-0500,2025-11-16,6,False
P-0500,2025-11-17,4,False
P-0500,2025-11-18,4,False
P-0500,2025-11-19,6,False
P-0500,2025-11-20,4,False
P-0500,2025-11-21,5,False
P-0500,2025-11-22,5,False
P-0500,2025-11-23,3,False
P-0500,2025-11-24,7,False
P-0500,2025-11-25,5,False
P-0500,2025-11-26,6,False
P-0500,2025-11-27,7,False
P-0500,2025-11-28,7,False
P-0500,2025-11-29,6,False
P-0500,2025-11-30,5,False
P-0500,2025-12-01,2,False
P-0500,2025-12-02,7,False
P-0500,2025-12-03,2,False
P-0500,2025-12-04,6,False
P-0500,2025-12-05,7,False
P-0500,2025-12-06,12,False
P-0500,2025-12-07,5,False
P-0500,2025-12-08,10,False
P-0500,2025-12-09,4,False
P-0500,2025-12-10,7,False
P-0500,2025-12-11,5,False
P-0500,2025-12-12,11,False
P-0500,2025-12-13,10,False
P-0500,2025-12-14,8,False
P-0500,2025-12-15,2,False
P-0500,2025-12-16,5,False
P-0500,2025-12-17,6,False
P-0500,2025-12-18,10,False
P-0500,2025-12-19,5,False
P-0500,2025-12-20,2,False
P-0500,2025-12-21,6,False
P-0500,2025-12-22,1,False
P-0500,2025-12-23,5,False
P-0500,2025-12-24,4,False
P-0500,2025-12-25,4,False
P-0500,2025-12-26,11,False
P-0500,2025-12-27,4,False
P-0500,2025-12-28,5,False
P-0500,2025-12-29,11,False
P-0500,2025-12-30,4,False
P-0500,2025-12-31,7,False
P-0600,2025-01-01,3,False
P-0600,2025-01-02,7,False
P-0600,2025-01-03,4,False
P-0600,2025-01-04,6,False
P-0600,2025-01-05,5,False
P-0600,2025-01-06,4,False
P-0600,2025-01-07,5,False
P-0600,2025-01-08,5,False
P-0600,2025-01-09,9,False
P-0600,2025-01-10,5,False
P-0600,2025-01-11,6,False
P-0600,2025-01-12,8,False
P-0600,2025-01-13,8,False
P-0600,2025-01-14,7,False
P-0600,2025-01-15,6,False
P-0600,2025-01-16,12,False
P-0600,2025-01-17,11,False
P-0600,2025-01-18,5,False
P-0600,2025-01-19,11,False
P-0600,2025-01-20,7,False
P-0600,2025-01-21,8,False
P-0600,2025-01-22,7,False
P-0600,2025-01-23,6,False
P-0600,2025-01-24,7,False
P-0600,2025-01-25,4,False
P-0600,2025-01-26,4,False
P-0600,2025-01-27,10,False
P-0600,2025-01-28,7,False
P-0600,2025-01-29,7,False
P-0600,2025-01-30,8,False
P-0600,2025-01-31,4,False
P-0600,2025-02-01,4,False
P-0600,2025-02-02,6,False
P-0600,2025-02-03,4,False
P-0600,2025-02-04,3,False
P-0600,2025-02-05,6,False
P-0600,2025-02-06,8,False
P-0600,2025-02-07,2,False
P-0600,2025-02-08,4,False
P-0600,2025-02-09,6,False
P-0600,2025-02-10,8,False
P-0600,2025-02-11,11,False
P-0600,2025-02-12,5,False
P-0600,2025-02-13,4,False
P-0600,2025-02-14,6,False
P-0600,2025-02-15,8,False
P-0600,2025-02-16,6,False
P-0600,2025-02-17,3,False
P-0600,2025-02-18,4,False
P-0600,2025-02-19,11,False
P-0600,2025-02-20,9,False
P-0600,2025-02-21,11,False
P-0600,2025-02-22,8,False
P-0600,2025-02-23,7,False
P-0600,2025-02-24,4,False
P-0600,2025-02-25,5,False
P-0600,2025-02-26,6,False
P-0600,2025-02-27,5,False
P-0600,2025-02-28,6,False
P-0600,2025-03-01,4,False
P-0600,2025-03-02,5,False
P-0600,2025-03-03,7,False
P-0600,2025-03-04,3,False
P-0600,2025-03-05,5,False
P-0600,2025-03-06,4,False
P-0600,2025-03-07,3,False
P-0600,2025-03-08,4,False
P-0600,2025-03-09,3,False
P-0600,2025-03-10,10,False
P-0600,2025-03-11,4,False
P-0600,2025-03-12,9,False
P-0600,2025-03-13,5,False
P-0600,2025-03-14,5,False
P-0600,2025-03-15,4,False
P-0600,2025-03-16,5,False
P-0600,2025-03-17,8,False
P-0600,2025-03-18,7,False
P-0600,2025-03-19,2,False
P-0600,2025-03-20,8,False
P-0600,2025-03-21,4,False
P-0600,2025-03-22,3,False
P-0600,2025-03-23,8,False
P-0600,2025-03-24,5,False
P-0600,2025-03-25,6,False
P-0600,2025-03-26,2,False
P-0600,2025-03-27,6,False
P-0600,2025-03-28,8,False
P-0600,2025-03-29,4,False
P-0600,2025-03-30,4,False
P-0600,2025-03-31,2,False
P-0600,2025-04-01,5,False
P-0600,2025-04-02,10,False
P-0600,2025-04-03,8,False
P-0600,2025-04-04,7,False
P-0600,2025-04-05,4,False
P-0600,2025-04-06,5,False
P-0600,2025-04-07,10,False
P-0600,2025-04-08,3,False
P-0600,2025-04-09,3,False
P-0600,2025-04-10,6,False
P-0600,2025-04-11,3,False
P-0600,2025-04-12,11,False
P-0600,2025-04-13,3,False
P-0600,2025-04-14,10,False
P-0600,2025-04-15,9,False
P-0600,2025-04-16,2,False
P-0600,2025-04-17,8,False
P-0600,2025-04-18,8,False
P-0600,2025-04-19,10,False
P-0600,2025-04-20,5,False
P-0600,2025-04-21,2,False
P-0600,2025-04-22,4,False
P-0600,2025-04-23,3,False
P-0600,2025-04-24,4,False
P-0600,2025-04-25,5,False
P-0600,2025-04-26,8,False
P-0600,2025-04-27,7,False
P-0600,2025-04-28,6,False
P-0600,2025-04-29,6,False
P-0600,2025-04-30,8,False
P-0600,2025-05-01,2,False
P-0600,2025-05-02,4,False
P-0600,2025-05-03,3,False
P-0600,2025-05-04,4,False
P-0600,2025-05-05,6,False
P-0600,2025-05-06,6,False
P-0600,2025-05-07,9,False
P-0600,2025-05-08,12,False
P-0600,2025-05-09,4,False
P-0600,2025-05-10,10,False
P-0600,2025-05-11,7,False
P-0600,2025-05-12,9,False
P-0600,2025-05-13,12,False
P-0600,2025-05-14,7,False
P-0600,2025-05-15,6,False
P-0600,2025-05-16,6,False
P-0600,2025-05-17,3,False
P-0600,2025-05-18,8,False
P-0600,2025-05-19,1,False
P-0600,2025-05-20,7,False
P-0600,2025-05-22,3,False
P-0600,2025-05-23,6,False
P-0600,2025-05-24,5,False
P-0600,2025-05-25,4,False
P-0600,2025-05-26,8,False
P-0600,2025-05-27,8,False
P-0600,2025-05-28,3,False
P-0600,2025-05-29,8,False
P-0600,2025-05-30,9,False
P-0600,2025-05-31,6,False
P-0600,2025-06-01,2,False
P-0600,2025-06-02,7,False
P-0600,2025-06-03,7,False
P-0600,2025-06-04,4,False
P-0600,2025-06-05,9,False
P-0600,2025-06-06,3,False
P-0600,2025-06-07,4,False
P-0600,2025-06-08,4,False
P-0600,2025-06-09,5,False
P-0600,2025-06-10,7,False
P-0600,2025-06-11,9,False
P-0600,2025-06-12,9,False
P-0600,2025-06-13,6,False
P-0600,2025-06-14,7,False
P-0600,2025-06-15,4,False
P-0600,2025-06-16,13,False
P-0600,2025-06-17,6,False
P-0600,2025-06-18,4,False
P-0600,2025-06-19,5,False
P-0600,2025-06-20,5,False
P-0600,2025-06-21,7,False
P-0600,2025-06-22,11,False
P-0600,2025-06-23,4,False
P-0600,2025-06-24,7,False
P-0600,2025-06-25,5,False
P-0600,2025-06-26,6,False
P-0600,2025-06-27,6,False
P-0600,2025-06-28,1,False
P-0600,2025-06-29,9,False
P-0600,2025-06-30,3,False
P-0600,2025-07-01,6,False
P-0600,2025-07-02,10,False
P-0600,2025-07-03,9,False
P-0600,2025-07-04,7,False
P-0600,2025-07-05,11,False
P-0600,2025-07-06,3,False
P-0600,2025-07-07,7,False
P-0600,2025-07-08,7,False
P-0600,2025-07-09,5,False
P-0600,2025-07-10,5,False
P-0600,2025-07-11,8,False
P-0600,2025-07-12,4,False
P-0600,2025-07-13,8,False
P-0600,2025-07-14,8,False
P-0600,2025-07-15,1,False
P-0600,2025-07-16,8,False
P-0600,2025-07-17,7,False
P-0600,2025-07-18,2,False
P-0600,2025-07-19,2,False
P-0600,2025-07-20,3,False
P-0600,2025-07-21,4,False
P-0600,2025-07-22,6,False
P-0600,2025-07-23,3,False
P-0600,2025-07-24,6,False
P-0600,2025-07-25,6,False
P-0600,2025-07-26,6,False
P-0600,2025-07-27,7,False
P-0600,2025-07-28,6,False
P-0600,2025-07-29,10,False
P-0600,2025-07-30,3,False
P-0600,2025-07-31,10,False
P-0600,2025-08-01,5,False
P-0600,2025-08-02,4,False
P-0600,2025-08-03,4,False
P-0600,2025-08-04,6,False
P-0600,2025-08-05,6,False
P-0600,2025-08-06,4,False
P-0600,2025-08-07,2,False
P-0600,2025-08-08,5,False
P-0600,2025-08-09,6,False
P-0600,2025-08-10,11,False
P-0600,2025-08-11,3,False
P-0600,2025-08-12,9,False
P-0600,2025-08-13,8,False
P-0600,2025-08-14,7,False
P-0600,2025-08-15,3,False
P-0600,2025-08-16,4,False
P-0600,2025-08-17,7,False
P-0600,2025-08-18,4,False
P-0600,2025-08-19,6,False
P-0600,2025-08-20,6,False
P-0600,2025-08-21,9,False
P-0600,2025-08-22,7,False
P-0600,2025-08-23,7,False
P-0600,2025-08-24,3,False
P-0600,2025-08-25,6,False
P-0600,2025-08-26,5,False
P-0600,2025-08-27,7,False
P-0600,2025-08-28,6,False
P-0600,2025-08-29,4,False
P-0600,2025-08-30,9,False
P-0600,2025-08-31,10,False
P-0600,2025-09-01,4,False
P-0600,2025-09-02,3,False
P-0600,2025-09-03,7,False
P-0600,2025-09-04,7,False
P-0600,2025-09-05,6,False
P-0600,2025-09-06,9,False
P-0600,2025-09-07,3,False
P-0600,2025-09-08,4,False
P-0600,2025-09-09,8,False
P-0600,2025-09-10,6,False
P-0600,2025-09-11,5,False
P-0600,2025-09-12,4,False
P-0600,2025-09-13,4,False
P-0600,2025-09-14,3,False
P-0600,2025-09-15,12,False
P-0600,2025-09-16,7,False
P-0600,2025-09-17,7,False
P-0600,2025-09-18,5,False
P-0600,2025-09-19,8,False
P-0600,2025-09-20,8,False
P-0600,2025-09-21,7,False
P-0600,2025-09-22,9,False
P-0600,2025-09-23,5,False
P-0600,2025-09-24,10,False
P-0600,2025-09-25,4,False
P-0600,2025-09-26,8,False
P-0600,2025-09-27,1,False
P-0600,2025-09-28,3,False
P-0600,2025-09-29,5,False
P-0600,2025-09-30,4,False
P-0600,2025-10-01,7,False
P-0600,2025-10-02,6,False
P-0600,2025-10-03,6,False
P-0600,2025-10-04,8,False
P-0600,2025-10-05,7,False
P-0600,2025-10-06,6,False
P-0600,2025-10-07,9,False
P-0600,2025-10-08,4,False
P-0600,2025-10-09,8,False
P-0600,2025-10-10,5,False
P-0600,2025-10-11,4,False
P-0600,2025-10-12,9,False
P-0600,2025-10-13,10,False
P-0600,2025-10-14,7,False
P-0600,2025-10-15,4,False
P-0600,2025-10-16,6,False
P-0600,2025-10-17,3,False
P-0600,2025-10-18,9,False
P-0600,2025-10-19,5,False
P-0600,2025-10-20,4,False
P-0600,2025-10-21,5,False
P-0600,2025-10-22,8,False
P-0600,2025-10-23,6,False
P-0600,2025-10-24,7,False
P-0600,2025-10-25,10,False
P-0600,2025-10-26,3,False
P-0600,2025-10-27,5,False
P-0600,2025-10-28,5,False
P-0600,2025-10-29,7,False
P-0600,2025-10-30,3,False
P-0600,2025-10-31,10,False
P-0600,2025-11-01,1,False
P-0600,2025-11-02,10,False
P-0600,2025-11-03,7,False
P-0600,2025-11-04,10,False
P-0600,2025-11-05,4,False
P-0600,2025-11-06,10,False
P-0600,2025-11-07,5,False
P-0600,2025-11-08,6,False
P-0600,2025-11-10,6,False
P-0600,2025-11-11,4,False
P-0600,2025-11-12,8,False
P-0600,2025-11-13,5,False
P-0600,2025-11-14,5,False
P-0600,2025-11-15,5,False
P-0600,2025-11-16,2,False
P-0600,2025-11-17,10,False
P-0600,2025-11-18,9,False
P-0600,2025-11-19,2,False
P-0600,2025-11-20,11,False
P-0600,2025-11-21,4,False
P-0600,2025-11-22,7,False
P-0600,2025-11-23,4,False
P-0600,2025-11-24,6,False
P-0600,2025-11-25,9,False
P-0600,2025-11-26,6,False
P-0600,2025-11-27,12,False
P-0600,2025-11-28,3,False
P-0600,2025-11-29,7,False
P-0600,2025-11-30,4,False
P-0600,2025-12-01,11,False
P-0600,2025-12-02,4,False
P-0600,2025-12-03,5,False
P-0600,2025-12-04,3,False
P-0600,2025-12-05,11,False
P-0600,2025-12-06,6,False
P-0600,2025-12-07,9,False
P-0600,2025-12-08,10,False
P-0600,2025-12-09,6,False
P-0600,2025-12-10,2,False
P-0600,2025-12-11,7,False
P-0600,2025-12-12,6,False
P-0600,2025-12-13,5,False
P-0600,2025-12-14,6,False
P-0600,2025-12-15,5,False
P-0600,2025-12-16,8,False
P-0600,2025-12-17,9,False
P-0600,2025-12-18,7,False
P-0600,2025-12-19,8,False
P-0600,2025-12-20,7,False
P-0600,2025-12-21,7,False
P-0600,2025-12-22,6,False
P-0600,2025-12-23,8,False
P-0600,2025-12-24,8,False
P-0600,2025-12-25,5,False
P-0600,2025-12-26,4,False
P-0600,2025-12-27,3,False
P-0600,2025-12-28,5,False
P-0600,2025-12-29,4,False
P-0600,2025-12-30,11,False
P-0600,2025-12-31,6,False
P-0700,2025-01-01,5,False
P-0700,2025-01-02,2,False
P-0700,2025-01-03,9,False
P-0700,2025-01-04,9,False
P-0700,2025-01-05,6,False
P-0700,2025-01-06,10,False
P-0700,2025-01-07,7,False
P-0700,2025-01-08,3,False
P-0700,2025-01-09,6,False
P-0700,2025-01-10,2,False
P-0700,2025-01-11,7,False
P-0700,2025-01-12,4,False
P-0700,2025-01-13,5,False
P-0700,2025-01-14,5,False
P-0700,2025-01-15,5,False
P-0700,2025-01-16,4,False
P-0700,2025-01-17,2,False
P-0700,2025-01-18,6,False
P-0700,2025-01-19,1,False
P-0700,2025-01-20,8,False
P-0700,2025-01-21,8,False
P-0700,2025-01-22,7,False
P-0700,2025-01-23,3,False
P-0700,2025-01-24,8,False
P-0700,2025-01-25,3,False
P-0700,2025-01-26,8,False
P-0700,2025-01-27,5,False
P-0700,2025-01-28,3,False
P-0700,2025-01-29,8,False
P-0700,2025-01-30,5,False
P-0700,2025-01-31,7,False
P-0700,2025-02-01,4,False
P-0700,2025-02-02,6,False
P-0700,2025-02-03,14,False
P-0700,2025-02-04,10,False
P-0700,2025-02-05,1,False
P-0700,2025-02-06,7,False
P-0700,2025-02-07,5,False
P-0700,2025-02-08,7,False
P-0700,2025-02-09,3,False
P-0700,2025-02-10,8,False
P-0700,2025-02-11,5,False
P-0700,2025-02-12,12,False
P-0700,2025-02-13,5,False
P-0700,2025-02-14,12,False
P-0700,2025-02-15,8,False
P-0700,2025-02-16,6,False
P-0700,2025-02-17,7,False
P-0700,2025-02-18,6,False
P-0700,2025-02-19,11,False
P-0700,2025-02-20,4,False
P-0700,2025-02-21,9,False
P-0700,2025-02-22,3,False
P-0700,2025-02-23,8,False
P-0700,2025-02-24,3,False
P-0700,2025-02-25,12,False
P-0700,2025-02-26,5,False
P-0700,2025-02-27,2,False
P-0700,2025-02-28,5,False
P-0700,2025-03-01,10,False
P-0700,2025-03-02,6,False
P-0700,2025-03-03,8,False
P-0700,2025-03-04,2,False
P-0700,2025-03-05,6,False
P-0700,2025-03-06,11,False
P-0700,2025-03-07,5,False
P-0700,2025-03-08,8,False
P-0700,2025-03-09,5,False
P-0700,2025-03-10,3,False
P-0700,2025-03-11,2,False
P-0700,2025-03-12,9,False
P-0700,2025-03-13,12,False
P-0700,2025-03-14,9,False
P-0700,2025-03-15,4,False
P-0700,2025-03-16,8,False
P-0700,2025-03-17,8,False
P-0700,2025-03-18,3,False
P-0700,2025-03-19,10,False
P-0700,2025-03-20,5,False
P-0700,2025-03-21,4,False
P-0700,2025-03-22,4,False
P-0700,2025-03-23,6,False
P-0700,2025-03-24,7,False
P-0700,2025-03-25,10,False
P-0700,2025-03-26,4,False
P-0700,2025-03-27,6,False
P-0700,2025-03-28,5,False
P-0700,2025-03-29,5,False
P-0700,2025-03-30,6,False
P-0700,2025-03-31,6,False
P-0700,2025-04-01,4,False
P-0700,2025-04-02,6,False
P-0700,2025-04-03,7,False
P-0700,2025-04-04,5,False
P-0700,2025-04-05,5,False
P-0700,2025-04-06,7,False
P-0700,2025-04-07,3,False
P-0700,2025-04-08,5,False
P-0700,2025-04-09,8,False
P-0700,2025-04-10,12,False
P-0700,2025-04-11,7,False
P-0700,2025-04-12,4,False
P-0700,2025-04-13,4,False
P-0700,2025-04-14,13,False
P-0700,2025-04-15,5,False
P-0700,2025-04-16,4,False
P-0700,2025-04-17,8,False
P-0700,2025-04-18,9,False
P-0700,2025-04-19,7,False
P-0700,2025-04-20,4,False
P-0700,2025-04-21,4,False
P-0700,2025-04-22,9,False
P-0700,2025-04-23,13,False
P-0700,2025-04-24,7,False
P-0700,2025-04-25,5,False
P-0700,2025-04-26,5,False
P-0700,2025-04-27,4,False
P-0700,2025-04-28,4,False
P-0700,2025-04-29,11,False
P-0700,2025-04-30,7,False
P-0700,2025-05-01,8,False
P-0700,2025-05-02,9,False
P-0700,2025-05-03,5,False
P-0700,2025-05-04,7,False
P-0700,2025-05-05,5,False
P-0700,2025-05-06,7,False
P-0700,2025-05-07,4,False
P-0700,2025-05-08,6,False
P-0700,2025-05-09,4,False
P-0700,2025-05-10,6,False
P-0700,2025-05-11,5,False
P-0700,2025-05-12,3,False
P-0700,2025-05-13,4,False
P-0700,2025-05-14,6,False
P-0700,2025-05-15,7,False
P-0700,2025-05-16,7,False
P-0700,2025-05-17,8,False
P-0700,2025-05-18,2,False
P-0700,2025-05-19,7,False
P-0700,2025-05-20,3,False
P-0700,2025-05-21,4,False
P-0700,2025-05-22,6,False
P-0700,2025-05-23,6,False
P-0700,2025-05-24,4,False
P-0700,2025-05-25,4,False
P-0700,2025-05-26,11,False
P-0700,2025-05-27,5,False
P-0700,2025-05-28,7,False
P-0700,2025-05-29,3,False
P-0700,2025-05-30,5,False
P-0700,2025-05-31,6,False
P-0700,2025-06-01,4,False
P-0700,2025-06-03,4,False
P-0700,2025-06-04,6,False
P-0700,2025-06-05,3,False
P-0700,2025-06-06,2,False
P-0700,2025-06-07,3,False
P-0700,2025-06-08,7,False
P-0700,2025-06-09,7,False
P-0700,2025-06-10,6,False
P-0700,2025-06-11,7,False
P-0700,2025-06-12,6,False
P-0700,2025-06-13,4,False
P-0700,2025-06-14,6,False
P-0700,2025-06-15,11,False
P-0700,2025-06-16,2,False
P-0700,2025-06-17,4,False
P-0700,2025-06-18,5,False
P-0700,2025-06-19,7,False
P-0700,2025-06-20,1,False
P-0700,2025-06-21,7,False
P-0700,2025-06-22,3,False
P-0700,2025-06-23,7,False
P-0700,2025-06-24,12,False
P-0700,2025-06-25,6,False
P-0700,2025-06-26,8,False
P-0700,2025-06-27,5,False
P-0700,2025-06-28,12,False
P-0700,2025-06-29,12,False
P-0700,2025-06-30,7,False
P-0700,2025-07-01,5,False
P-0700,2025-07-02,5,False
P-0700,2025-07-03,5,False
P-0700,2025-07-04,7,False
P-0700,2025-07-05,3,False
P-0700,2025-07-06,10,False
P-0700,2025-07-07,7,False
P-0700,2025-07-08,6,False
P-0700,2025-07-10,11,False
P-0700,2025-07-11,10,False
P-0700,2025-07-12,6,False
P-0700,2025-07-13,5,False
P-0700,2025-07-14,6,False
P-0700,2025-07-15,5,False
P-0700,2025-07-16,7,False
P-0700,2025-07-17,3,False
P-0700,2025-07-18,6,False
P-0700,2025-07-19,3,False
P-0700,2025-07-20,9,False
P-0700,2025-07-21,8,False
P-0700,2025-07-22,3,False
P-0700,2025-07-23,9,False
P-0700,2025-07-24,6,False
P-0700,2025-07-25,5,False
P-0700,2025-07-26,10,False
P-0700,2025-07-27,7,False
P-0700,2025-07-28,9,False
P-0700,2025-07-29,8,False
P-0700,2025-07-30,7,False
P-0700,2025-07-31,4,False
P-0700,2025-08-01,3,False
P-0700,2025-08-02,4,False
P-0700,2025-08-03,1,False
P-0700,2025-08-04,9,False
P-0700,2025-08-05,3,False
P-0700,2025-08-06,7,False
P-0700,2025-08-07,9,False
P-0700,2025-08-08,5,False
P-0700,2025-08-09,5,False
P-0700,2025-08-10,7,False
P-0700,2025-08-11,7,False
P-0700,2025-08-12,3,False
P-0700,2025-08-13,6,False
P-0700,2025-08-14,5,False
P-0700,2025-08-15,3,False
P-0700,2025-08-16,7,False
P-0700,2025-08-17,2,False
P-0700,2025-08-18,5,False
P-0700,2025-08-19,3,False
P-0700,2025-08-20,17,False
P-0700,2025-08-21,3,False
P-0700,2025-08-22,4,False
P-0700,2025-08-23,10,False
P-0700,2025-08-24,5,False
P-0700,2025-08-25,8,False
P-0700,2025-08-26,4,False
P-0700,2025-08-27,7,False
P-0700,2025-08-28,9,False
P-0700,2025-08-29,7,False
P-0700,2025-08-30,6,False
P-0700,2025-08-31,7,False
P-0700,2025-09-01,4,False
P-0700,2025-09-02,5,False
P-0700,2025-09-03,4,False
P-0700,2025-09-04,7,False
P-0700,2025-09-05,7,False
P-0700,2025-09-06,9,False
P-0700,2025-09-07,8,False
P-0700,2025-09-08,8,False
P-0700,2025-09-09,6,False
P-0700,2025-09-10,3,False
P-0700,2025-09-11,6,False
P-0700,2025-09-12,6,False
P-0700,2025-09-13,11,False
P-0700,2025-09-14,1,False
P-0700,2025-09-15,7,False
P-0700,2025-09-16,8,False
P-0700,2025-09-17,6,False
P-0700,2025-09-18,5,False
P-0700,2025-09-19,6,False
P-0700,2025-09-20,8,False
P-0700,2025-09-21,5,False
P-0700,2025-09-22,7,False
P-0700,2025-09-23,5,False
P-0700,2025-09-24,3,False
P-0700,2025-09-25,4,False
P-0700,2025-09-26,4,False
P-0700,2025-09-27,5,False
P-0700,2025-09-28,4,False
P-0700,2025-09-29,4,False
P-0700,2025-09-30,8,False
P-0700,2025-10-01,7,False
P-0700,2025-10-02,11,False
P-0700,2025-10-03,5,False
P-0700,2025-10-04,5,False
P-0700,2025-10-05,9,False
P-0700,2025-10-06,4,False
P-0700,2025-10-07,7,False
P-0700,2025-10-08,9,False
P-0700,2025-10-09,2,False
P-0700,2025-10-10,8,False
P-0700,2025-10-11,5,False
P-0700,2025-10-12,10,False
P-0700,2025-10-13,5,False
P-0700,2025-10-14,4,False
P-0700,2025-10-15,10,False
P-0700,2025-10-16,7,False
P-0700,2025-10-17,5,False
P-0700,2025-10-18,6,False
P-0700,2025-10-19,6,False
P-0700,2025-10-20,7,False
P-0700,2025-10-21,4,False
P-0700,2025-10-22,10,False
P-0700,2025-10-23,5,False
P-0700,2025-10-24,6,False
P-0700,2025-10-25,6,False
P-0700,2025-10-26,9,False
P-0700,2025-10-27,9,False
P-0700,2025-10-28,4,False
P-0700,2025-10-29,5,False
P-0700,2025-10-30,5,False
P-0700,2025-10-31,4,False
P-0700,2025-11-01,9,False
P-0700,2025-11-02,10,False
P-0700,2025-11-03,5,False
P-0700,2025-11-04,7,False
P-0700,2025-11-05,8,False
P-0700,2025-11-06,6,False
P-0700,2025-11-07,4,False
P-0700,2025-11-08,4,False
P-0700,2025-11-09,5,False
P-0700,2025-11-10,6,False
P-0700,2025-11-11,5,False
P-0700,2025-11-12,5,False
P-0700,2025-11-13,7,False
P-0700,2025-11-14,4,False
P-0700,2025-11-15,4,False
P-0700,2025-11-16,6,False
P-0700,2025-11-17,7,False
P-0700,2025-11-18,4,False
P-0700,2025-11-19,8,False
P-0700,2025-11-20,5,False
P-0700,2025-11-21,4,False
P-0700,2025-11-22,2,False
P-0700,2025-11-23,8,False
P-0700,2025-11-24,8,False
P-0700,2025-11-25,5,False
P-0700,2025-11-26,8,False
P-0700,2025-11-27,3,False
P-0700,2025-11-28,7,False
P-0700,2025-11-29,4,False
P-0700,2025-11-30,8,False
P-0700,2025-12-01,4,False
P-0700,2025-12-02,9,False
P-0700,2025-12-03,10,False
P-0700,2025-12-04,9,False
P-0700,2025-12-05,4,False
P-0700,2025-12-06,7,False
P-0700,2025-12-07,5,False
P-0700,2025-12-08,7,False
P-0700,2025-12-09,6,False
P-0700,2025-12-10,4,False
P-0700,2025-12-11,8,False
P-0700,2025-12-12,3,False
P-0700,2025-12-13,4,False
P-0700,2025-12-14,8,False
P-0700,2025-12-15,4,False
P-0700,2025-12-16,5,False
P-0700,2025-12-17,2,False
P-0700,2025-12-18,9,False
P-0700,2025-12-19,7,False
P-0700,2025-12-20,7,False
P-0700,2025-12-21,7,False
P-0700,2025-12-22,7,False
P-0700,2025-12-23,8,False
P-0700,2025-12-24,8,False
P-0700,2025-12-25,5,False
P-0700,2025-12-26,7,False
P-0700,2025-12-27,7,False
P-0700,2025-12-28,3,False
P-0700,2025-12-29,6,False
P-0700,2025-12-30,4,False
P-0700,2025-12-31,7,False
P-0800,2025-01-01,4,False
P-0800,2025-01-02,7,False
P-0800,2025-01-03,5,False
P-0800,2025-01-04,7,False
P-0800,2025-01-05,9,False
P-0800,2025-01-06,4,False
P-0800,2025-01-07,6,False
P-0800,2025-01-08,10,False
P-0800,2025-01-09,7,False
P-0800,2025-01-10,2,False
P-0800,2025-01-11,5,False
P-0800,2025-01-12,8,False
P-0800,2025-01-13,8,False
P-0800,2025-01-14,2,False
P-0800,2025-01-15,7,False
P-0800,2025-01-16,7,False
P-0800,2025-01-17,7,False
P-0800,2025-01-18,8,False
P-0800,2025-01-19,11,False
P-0800,2025-01-20,4,False
P-0800,2025-01-21,9,False
P-0800,2025-01-22,6,False
P-0800,2025-01-23,8,False
P-0800,2025-01-24,6,False
P-0800,2025-01-25,9,False
P-0800,2025-01-26,5,False
P-0800,2025-01-27,10,False
P-0800,2025-01-28,7,False
P-0800,2025-01-29,5,False
P-0800,2025-01-30,8,False
P-0800,2025-01-31,5,False
P-0800,2025-02-01,6,False
P-0800,2025-02-02,5,False
P-0800,2025-02-03,6,False
P-0800,2025-02-04,6,False
P-0800,2025-02-05,4,False
P-0800,2025-02-06,7,False
P-0800,2025-02-07,6,False
P-0800,2025-02-08,8,False
P-0800,2025-02-09,9,False
P-0800,2025-02-10,5,False
P-0800,2025-02-11,6,False
P-0800,2025-02-12,10,False
P-0800,2025-02-13,6,False
P-0800,2025-02-14,2,False
P-0800,2025-02-15,1,False
P-0800,2025-02-16,2,False
P-0800,2025-02-17,8,False
P-0800,2025-02-18,4,False
P-0800,2025-02-19,6,False
P-0800,2025-02-20,10,False
P-0800,2025-02-21,4,False
P-0800,2025-02-22,13,False
P-0800,2025-02-23,8,False
P-0800,2025-02-24,7,False
P-0800,2025-02-25,3,False
P-0800,2025-02-26,4,False
P-0800,2025-02-27,8,False
P-0800,2025-02-28,6,False
P-0800,2025-03-01,4,False
P-0800,2025-03-02,8,False
P-0800,2025-03-03,8,False
P-0800,2025-03-04,3,False
P-0800,2025-03-05,6,False
P-0800,2025-03-06,10,False
P-0800,2025-03-07,7,False
P-0800,2025-03-08,4,False
P-0800,2025-03-09,1,False
P-0800,2025-03-10,8,False
P-0800,2025-03-11,7,False
P-0800,2025-03-12,4,False
P-0800,2025-03-13,7,False
P-0800,2025-03-14,4,False
P-0800,2025-03-15,5,False
P-0800,2025-03-16,4,False
P-0800,2025-03-17,10,False
P-0800,2025-03-18,5,False
P-0800,2025-03-19,9,False
P-0800,2025-03-20,7,False
P-0800,2025-03-21,8,False
P-0800,2025-03-22,6,False
P-0800,2025-03-23,7,False
P-0800,2025-03-24,9,False
P-0800,2025-03-25,6,False
P-0800,2025-03-26,7,False
P-0800,2025-03-27,7,False
P-0800,2025-03-28,6,False
P-0800,2025-03-29,7,False
P-0800,2025-03-30,5,False
P-0800,2025-03-31,7,False
P-0800,2025-04-01,5,False
P-0800,2025-04-02,6,False
P-0800,2025-04-03,7,False
P-0800,2025-04-04,3,False
P-0800,2025-04-05,4,False
P-0800,2025-04-06,9,False
P-0800,2025-04-07,4,False
P-0800,2025-04-08,13,False
P-0800,2025-04-09,3,False
P-0800,2025-04-10,5,False
P-0800,2025-04-11,3,False
P-0800,2025-04-12,9,False
P-0800,2025-04-13,6,False
P-0800,2025-04-14,4,False
P-0800,2025-04-15,11,False
P-0800,2025-04-16,6,False
P-0800,2025-04-17,5,False
P-0800,2025-04-18,7,False
P-0800,2025-04-19,7,False
P-0800,2025-04-20,7,False
P-0800,2025-04-21,6,False
P-0800,2025-04-22,11,False
P-0800,2025-04-23,12,False
P-0800,2025-04-24,6,False
P-0800,2025-04-25,6,False
P-0800,2025-04-26,6,False
P-0800,2025-04-27,9,False
P-0800,2025-04-28,6,False
P-0800,2025-04-29,7,False
P-0800,2025-04-30,5,False
P-0800,2025-05-01,4,False
P-0800,2025-05-02,7,False
P-0800,2025-05-03,9,False
P-0800,2025-05-04,12,False
P-0800,2025-05-05,4,False
P-0800,2025-05-06,8,False
P-0800,2025-05-07,9,False
P-0800,2025-05-08,6,False
P-0800,2025-05-09,7,False
P-0800,2025-05-10,6,False
P-0800,2025-05-11,8,False
P-0800,2025-05-12,5,False
P-0800,2025-05-13,12,False
P-0800,2025-05-14,4,False
P-0800,2025-05-15,6,False
P-0800,2025-05-16,4,False
P-0800,2025-05-17,8,False
P-0800,2025-05-18,4,False
P-0800,2025-05-19,7,False
P-0800,2025-05-20,3,False
P-0800,2025-05-21,3,False
P-0800,2025-05-22,5,False
P-0800,2025-05-23,5,False
P-0800,2025-05-24,3,False
P-0800,2025-05-25,12,False
P-0800,2025-05-26,4,False
P-0800,2025-05-27,11,False
P-0800,2025-05-28,11,False
P-0800,2025-05-29,5,False
P-0800,2025-05-30,12,False
P-0800,2025-05-31,5,False
P-0800,2025-06-01,6,False
P-0800,2025-06-02,4,False
P-0800,2025-06-03,4,False
P-0800,2025-06-04,2,False
P-0800,2025-06-05,10,False
P-0800,2025-06-06,4,False
P-0800,2025-06-07,7,False
P-0800,2025-06-08,10,False
P-0800,2025-06-09,8,False
P-0800,2025-06-10,9,False
P-0800,2025-06-11,6,False
P-0800,2025-06-12,3,False
P-0800,2025-06-13,5,False
P-0800,2025-06-14,4,False
P-0800,2025-06-15,2,False
P-0800,2025-06-16,3,False
P-0800,2025-06-17,5,False
P-0800,2025-06-18,4,False
P-0800,2025-06-19,8,False
P-0800,2025-06-20,6,False
P-0800,2025-06-21,3,False
P-0800,2025-06-22,9,False
P-0800,2025-06-23,8,False
P-0800,2025-06-24,3,False
P-0800,2025-06-25,3,False
P-0800,2025-06-26,4,False
P-0800,2025-06-27,8,False
P-0800,2025-06-28,7,False
P-0800,2025-06-29,4,False
P-0800,2025-06-30,6,False
P-0800,2025-07-01,9,False
P-0800,2025-07-02,5,False
P-0800,2025-07-03,8,False
P-0800,2025-07-04,7,False
P-0800,2025-07-05,3,False
P-0800,2025-07-06,9,False
P-0800,2025-07-07,7,False
P-0800,2025-07-08,6,False
P-0800,2025-07-09,5,False
P-0800,2025-07-10,7,False
P-0800,2025-07-11,6,False
P-0800,2025-07-12,5,False
P-0800,2025-07-13,8,False
P-0800,2025-07-14,7,False
P-0800,2025-07-15,6,False
P-0800,2025-07-16,5,False
P-0800,2025-07-17,8,False
P-0800,2025-07-18,8,False
P-0800,2025-07-19,4,False
P-0800,2025-07-20,2,False
P-0800,2025-07-21,2,False
P-0800,2025-07-22,3,False
P-0800,2025-07-23,9,False
P-0800,2025-07-24,6,False
P-0800,2025-07-25,5,False
P-0800,2025-07-26,8,False
P-0800,2025-07-27,10,False
P-0800,2025-07-28,4,False
P-0800,2025-07-29,6,False
P-0800,2025-07-30,8,False
P-0800,2025-07-31,7,False
P-0800,2025-08-01,4,False
P-0800,2025-08-02,6,False
P-0800,2025-08-03,5,False
P-0800,2025-08-04,6,False
P-0800,2025-08-05,6,False
P-0800,2025-08-06,7,False
P-0800,2025-08-07,7,False
P-0800,2025-08-08,6,False
P-0800,2025-08-09,11,False
P-0800,2025-08-10,5,False
P-0800,2025-08-11,7,False
P-0800,2025-08-12,4,False
P-0800,2025-08-13,4,False
P-0800,2025-08-14,5,False
P-0800,2025-08-15,7,False
P-0800,2025-08-16,10,False
P-0800,2025-08-17,5,False
P-0800,2025-08-18,8,False
P-0800,2025-08-19,3,False
P-0800,2025-08-20,3,False
P-0800,2025-08-21,4,False
P-0800,2025-08-22,6,False
P-0800,2025-08-23,7,False
P-0800,2025-08-24,8,False
P-0800,2025-08-25,8,False
P-0800,2025-08-26,2,False
P-0800,2025-08-27,6,False
P-0800,2025-08-28,5,False
P-0800,2025-08-29,5,False
P-0800,2025-08-30,1,False
P-0800,2025-08-31,6,False
P-0800,2025-09-01,6,False
P-0800,2025-09-02,8,False
P-0800,2025-09-03,5,False
P-0800,2025-09-04,6,False
P-0800,2025-09-05,4,False
P-0800,2025-09-06,5,False
P-0800,2025-09-07,3,False
P-0800,2025-09-08,3,False
P-0800,2025-09-09,7,False
P-0800,2025-09-10,6,False
P-0800,2025-09-11,4,False
P-0800,2025-09-12,2,False
P-0800,2025-09-13,1,False
P-0800,2025-09-14,8,False
P-0800,2025-09-15,3,False
P-0800,2025-09-16,2,False
P-0800,2025-09-17,10,False
P-0800,2025-09-18,6,False
P-0800,2025-09-19,4,False
P-0800,2025-09-20,10,False
P-0800,2025-09-21,7,False
P-0800,2025-09-22,4,False
P-0800,2025-09-23,4,False
P-0800,2025-09-24,5,False
P-0800,2025-09-25,5,False
P-0800,2025-09-26,7,False
P-0800,2025-09-27,6,False
P-0800,2025-09-28,8,False
P-0800,2025-09-29,7,False
P-0800,2025-09-30,4,False
P-0800,2025-10-01,9,False
P-0800,2025-10-02,5,False
P-0800,2025-10-03,4,False
P-0800,2025-10-04,6,False
P-0800,2025-10-05,5,False
P-0800,2025-10-06,6,False
P-0800,2025-10-07,7,False
P-0800,2025-10-08,5,False
P-0800,2025-10-09,8,False
P-0800,2025-10-10,5,False
P-0800,2025-10-11,8,False
P-0800,2025-10-13,6,False
P-0800,2025-10-14,9,False
P-0800,2025-10-15,10,False
P-0800,2025-10-16,6,False
P-0800,2025-10-17,9,False
P-0800,2025-10-18,7,False
P-0800,2025-10-19,8,False
P-0800,2025-10-20,5,False
P-0800,2025-10-21,7,False
P-0800,2025-10-22,3,False
P-0800,2025-10-23,5,False
P-0800,2025-10-24,2,False
P-0800,2025-10-25,3,False
P-0800,2025-10-26,9,False
P-0800,2025-10-28,4,False
P-0800,2025-10-29,5,False
P-0800,2025-10-30,6,False
P-0800,2025-10-31,3,False
P-0800,2025-11-01,10,False
P-0800,2025-11-02,9,False
P-0800,2025-11-03,10,False
P-0800,2025-11-04,4,False
P-0800,2025-11-05,5,False
P-0800,2025-11-06,5,False
P-0800,2025-11-07,9,False
P-0800,2025-11-08,2,False
P-0800,2025-11-09,6,False
P-0800,2025-11-10,5,False
P-0800,2025-11-11,2,False
P-0800,2025-11-12,5,False
P-0800,2025-11-13,5,False
P-0800,2025-11-14,4,False
P-0800,2025-11-15,5,False
P-0800,2025-11-16,8,False
P-0800,2025-11-17,6,False
P-0800,2025-11-18,3,False
P-0800,2025-11-19,8,False
P-0800,2025-11-20,6,False
P-0800,2025-11-21,5,False
P-0800,2025-11-22,5,False
P-0800,2025-11-23,5,False
P-0800,2025-11-24,5,False
P-0800,2025-11-25,9,False
P-0800,2025-11-26,6,False
P-0800,2025-11-27,7,False
P-0800,2025-11-28,3,False
P-0800,2025-11-29,7,False
P-0800,2025-11-30,8,False
P-0800,2025-12-01,3,False
P-0800,2025-12-02,8,False
P-0800,2025-12-03,6,False
P-0800,2025-12-04,10,False
P-0800,2025-12-05,5,False
P-0800,2025-12-06,4,False
P-0800,2025-12-07,10,False
P-0800,2025-12-08,4,False
P-0800,2025-12-09,6,False
P-0800,2025-12-10,4,False
P-0800,2025-12-11,6,False
P-0800,2025-12-12,9,False
P-0800,2025-12-13,5,False
P-0800,2025-12-14,12,False
P-0800,2025-12-15,3,False
P-0800,2025-12-16,6,False
P-0800,2025-12-17,8,False
P-0800,2025-12-18,3,False
P-0800,2025-12-19,2,False
P-0800,2025-12-20,5,False
P-0800,2025-12-21,10,False
P-0800,2025-12-22,7,False
P-0800,2025-12-23,8,False
P-0800,2025-12-24,6,False
P-0800,2025-12-25,7,False
P-0800,2025-12-26,2,False
P-0800,2025-12-27,4,False
P-0800,2025-12-28,5,False
P-0800,2025-12-29,9,False
P-0800,2025-12-30,4,False
P-0800,2025-12-31,6,False
P-0900,2025-01-01,6,False
P-0900,2025-01-02,4,False
P-0900,2025-01-03,9,False
P-0900,2025-01-04,5,False
P-0900,2025-01-05,11,False
P-0900,2025-01-06,7,False
P-0900,2025-01-07,8,False
P-0900,2025-01-08,11,False
P-0900,2025-01-09,7,False
P-0900,2025-01-10,9,False
P-0900,2025-01-11,7,False
P-0900,2025-01-12,9,False
P-0900,2025-01-13,1,False
P-0900,2025-01-14,2,False
P-0900,2025-01-15,7,False
P-0900,2025-01-16,5,False
P-0900,2025-01-17,6,False
P-0900,2025-01-18,6,False
P-0900,2025-01-19,11,False
P-0900,2025-01-20,8,False
P-0900,2025-01-21,5,False
P-0900,2025-01-22,6,False
P-0900,2025-01-23,7,False
P-0900,2025-01-24,5,False
P-0900,2025-01-25,7,False
P-0900,2025-01-26,9,False
P-0900,2025-01-27,5,False
P-0900,2025-01-28,2,False
P-0900,2025-01-29,6,False
P-0900,2025-01-30,2,False
P-0900,2025-01-31,5,False
P-0900,2025-02-01,3,False
P-0900,2025-02-02,7,False
P-0900,2025-02-03,4,False
P-0900,2025-02-04,7,False
P-0900,2025-02-05,5,False
P-0900,2025-02-06,13,False
P-0900,2025-02-07,8,False
P-0900,2025-02-08,2,False
P-0900,2025-02-09,9,False
P-0900,2025-02-10,9,False
P-0900,2025-02-11,10,False
P-0900,2025-02-12,7,False
P-0900,2025-02-13,9,False
P-0900,2025-02-14,3,False
P-0900,2025-02-15,3,False
P-0900,2025-02-16,6,False
P-0900,2025-02-17,13,False
P-0900,2025-02-18,7,False
P-0900,2025-02-19,6,False
P-0900,2025-02-20,11,False
P-0900,2025-02-21,8,False
P-0900,2025-02-22,8,False
P-0900,2025-02-23,6,False
P-0900,2025-02-24,6,False
P-0900,2025-02-25,7,False
P-0900,2025-02-26,10,False
P-0900,2025-02-27,7,False
P-0900,2025-02-28,4,False
P-0900,2025-03-01,5,False
P-0900,2025-03-02,6,False
P-0900,2025-03-03,6,False
P-0900,2025-03-04,4,False
P-0900,2025-03-05,9,False
P-0900,2025-03-06,5,False
P-0900,2025-03-07,4,False
P-0900,2025-03-08,4,False
P-0900,2025-03-09,2,False
P-0900,2025-03-10,8,False
P-0900,2025-03-11,4,False
P-0900,2025-03-12,4,False
P-0900,2025-03-13,10,False
P-0900,2025-03-14,6,False
P-0900,2025-03-15,4,False
P-0900,2025-03-16,6,False
P-0900,2025-03-17,5,False
P-0900,2025-03-18,7,False
P-0900,2025-03-19,6,False
P-0900,2025-03-20,11,False
P-0900,2025-03-21,2,False
P-0900,2025-03-22,5,False
P-0900,2025-03-23,8,False
P-0900,2025-03-24,6,False
P-0900,2025-03-25,5,False
P-0900,2025-03-26,9,False
P-0900,2025-03-27,7,False
P-0900,2025-03-28,5,False
P-0900,2025-03-29,8,False
P-0900,2025-03-30,6,False
P-0900,2025-03-31,15,False
P-0900,2025-04-01,8,False
P-0900,2025-04-02,4,False
P-0900,2025-04-03,3,False
P-0900,2025-04-04,9,False
P-0900,2025-04-05,6,False
P-0900,2025-04-06,11,False
P-0900,2025-04-07,9,False
P-0900,2025-04-08,5,False
P-0900,2025-04-09,6,False
P-0900,2025-04-10,2,False
P-0900,2025-04-11,10,False
P-0900,2025-04-12,4,False
P-0900,2025-04-13,3,False
P-0900,2025-04-14,5,False
P-0900,2025-04-15,9,False
P-0900,2025-04-16,7,False
P-0900,2025-04-17,4,False
P-0900,2025-04-18,7,False
P-0900,2025-04-19,5,False
P-0900,2025-04-20,9,False
P-0900,2025-04-21,3,False
P-0900,2025-04-22,9,False
P-0900,2025-04-23,4,False
P-0900,2025-04-24,4,False
P-0900,2025-04-25,7,False
P-0900,2025-04-26,8,False
P-0900,2025-04-27,5,False
P-0900,2025-04-28,7,False
P-0900,2025-04-29,5,False
P-0900,2025-04-30,5,False
P-0900,2025-05-01,5,False
P-0900,2025-05-02,8,False
P-0900,2025-05-03,7,False
P-0900,2025-05-04,5,False
P-0900,2025-05-05,5,False
P-0900,2025-05-06,5,False
P-0900,2025-05-07,12,False
P-0900,2025-05-08,3,False
P-0900,2025-05-09,3,False
P-0900,2025-05-10,5,False
P-0900,2025-05-11,6,False
P-0900,2025-05-12,4,False
P-0900,2025-05-13,4,False
P-0900,2025-05-14,2,False
P-0900,2025-05-15,5,False
P-0900,2025-05-16,5,False
P-0900,2025-05-17,1,False
P-0900,2025-05-18,9,False
P-0900,2025-05-19,6,False
P-0900,2025-05-20,7,False
P-0900,2025-05-21,7,False
P-0900,2025-05-22,8,False
P-0900,2025-05-23,3,False
P-0900,2025-05-24,12,False
P-0900,2025-05-25,6,False
P-0900,2025-05-26,7,False
P-0900,2025-05-27,3,False
P-0900,2025-05-28,3,False
P-0900,2025-05-29,7,False
P-0900,2025-05-30,8,False
P-0900,2025-05-31,8,False
P-0900,2025-06-01,4,False
P-0900,2025-06-02,3,False
P-0900,2025-06-03,4,False
P-0900,2025-06-04,4,False
P-0900,2025-06-05,5,False
P-0900,2025-06-06,6,False
P-0900,2025-06-07,4,False
P-0900,2025-06-08,5,False
P-0900,2025-06-09,2,False
P-0900,2025-06-10,3,False
P-0900,2025-06-11,7,False
P-0900,2025-06-12,3,False
P-0900,2025-06-13,1,False
P-0900,2025-06-14,6,False
P-0900,2025-06-15,7,False
P-0900,2025-06-16,11,False
P-0900,2025-06-17,8,False
P-0900,2025-06-18,3,False
P-0900,2025-06-19,8,False
P-0900,2025-06-20,5,False
P-0900,2025-06-21,2,False
P-0900,2025-06-22,4,False
P-0900,2025-06-23,13,False
P-0900,2025-06-24,7,False
P-0900,2025-06-25,6,False
P-0900,2025-06-26,1,False
P-0900,2025-06-27,7,False
P-0900,2025-06-28,7,False
P-0900,2025-06-29,7,False
P-0900,2025-06-30,5,False
P-0900,2025-07-01,5,False
P-0900,2025-07-02,3,False
P-0900,2025-07-03,4,False
P-0900,2025-07-04,10,False
P-0900,2025-07-05,5,False
P-0900,2025-07-06,7,False
P-0900,2025-07-07,8,False
P-0900,2025-07-08,5,False
P-0900,2025-07-09,9,False
P-0900,2025-07-10,5,False
P-0900,2025-07-11,9,False
P-0900,2025-07-12,5,False
P-0900,2025-07-13,2,False
P-0900,2025-07-14,8,False
P-0900,2025-07-15,6,False
P-0900,2025-07-16,1,False
P-0900,2025-07-17,3,False
P-0900,2025-07-18,2,False
P-0900,2025-07-19,5,False
P-0900,2025-07-20,6,False
P-0900,2025-07-21,6,False
P-0900,2025-07-22,5,False
P-0900,2025-07-23,6,False
P-0900,2025-07-24,4,False
P-0900,2025-07-25,9,False
P-0900,2025-07-26,3,False
P-0900,2025-07-27,10,False
P-0900,2025-07-28,3,False
P-0900,2025-07-29,7,False
P-0900,2025-07-30,3,False
P-0900,2025-07-31,7,False
P-0900,2025-08-01,12,False
P-0900,2025-08-02,5,False
P-0900,2025-08-03,9,False
P-0900,2025-08-04,9,False
P-0900,2025-08-05,7,False
P-0900,2025-08-06,5,False
P-0900,2025-08-07,1,False
P-0900,2025-08-08,9,False
P-0900,2025-08-09,9,False
P-0900,2025-08-10,7,False
P-0900,2025-08-11,4,False
P-0900,2025-08-12,4,False
P-0900,2025-08-13,8,False
P-0900,2025-08-14,6,False
P-0900,2025-08-15,5,False
P-0900,2025-08-16,3,False
P-0900,2025-08-17,7,False
P-0900,2025-08-18,2,False
P-0900,2025-08-19,3,False
P-0900,2025-08-20,8,False
P-0900,2025-08-21,5,False
P-0900,2025-08-22,7,False
P-0900,2025-08-23,5,False
P-0900,2025-08-24,4,False
P-0900,2025-08-25,6,False
P-0900,2025-08-26,6,False
P-0900,2025-08-27,5,False
P-0900,2025-08-28,5,False
P-0900,2025-08-29,10,False
P-0900,2025-08-30,7,False
P-0900,2025-08-31,7,False
P-0900,2025-09-01,5,False
P-0900,2025-09-02,4,False
P-0900,2025-09-03,8,False
P-0900,2025-09-04,11,False
P-0900,2025-09-05,6,False
P-0900,2025-09-06,9,False
P-0900,2025-09-07,6,False
P-0900,2025-09-08,5,False
P-0900,2025-09-09,9,False
P-0900,2025-09-10,8,False
P-0900,2025-09-11,4,False
P-0900,2025-09-12,8,False
P-0900,2025-09-13,9,False
P-0900,2025-09-14,6,False
P-0900,2025-09-15,4,False
P-0900,2025-09-16,2,False
P-0900,2025-09-17,3,False
P-0900,2025-09-18,2,False
P-0900,2025-09-19,9,False
P-0900,2025-09-20,6,False
P-0900,2025-09-21,1,False
P-0900,2025-09-22,9,False
P-0900,2025-09-23,12,False
P-0900,2025-09-24,8,False
P-0900,2025-09-25,5,False
P-0900,2025-09-26,8,False
P-0900,2025-09-27,5,False
P-0900,2025-09-28,5,False
P-0900,2025-09-29,8,False
P-0900,2025-09-30,10,False
P-0900,2025-10-01,7,False
P-0900,2025-10-02,7,False
P-0900,2025-10-03,4,False
P-0900,2025-10-04,15,False
P-0900,2025-10-05,5,False
P-0900,2025-10-06,3,False
P-0900,2025-10-07,12,False
P-0900,2025-10-08,7,False
P-0900,2025-10-09,5,False
P-0900,2025-10-10,6,False
P-0900,2025-10-11,6,False
P-0900,2025-10-12,9,False
P-0900,2025-10-13,8,False
P-0900,2025-10-14,3,False
P-0900,2025-10-15,7,False
P-0900,2025-10-16,3,False
P-0900,2025-10-17,3,False
P-0900,2025-10-18,8,False
P-0900,2025-10-19,3,False
P-0900,2025-10-20,7,False
P-0900,2025-10-21,4,False
P-0900,2025-10-22,3,False
P-0900,2025-10-23,5,False
P-0900,2025-10-24,5,False
P-0900,2025-10-25,5,False
P-0900,2025-10-26,6,False
P-0900,2025-10-27,3,False
P-0900,2025-10-28,5,False
P-0900,2025-10-29,6,False
P-0900,2025-10-30,5,False
P-0900,2025-10-31,5,False
P-0900,2025-11-01,6,False
P-0900,2025-11-02,5,False
P-0900,2025-11-03,6,False
P-0900,2025-11-04,4,False
P-0900,2025-11-05,7,False
P-0900,2025-11-06,9,False
P-0900,2025-11-07,7,False
P-0900,2025-11-08,4,False
P-0900,2025-11-09,6,False
P-0900,2025-11-10,6,False
P-0900,2025-11-11,6,False
P-0900,2025-11-12,4,False
P-0900,2025-11-13,4,False
P-0900,2025-11-14,4,False
P-0900,2025-11-15,3,False
P-0900,2025-11-16,8,False
P-0900,2025-11-17,6,False
P-0900,2025-11-18,5,False
P-0900,2025-11-19,8,False
P-0900,2025-11-20,9,False
P-0900,2025-11-21,8,False
P-0900,2025-11-22,9,False
P-0900,2025-11-23,8,False
P-0900,2025-11-24,5,False
P-0900,2025-11-25,8,False
P-0900,2025-11-26,4,False
P-0900,2025-11-27,8,False
P-0900,2025-11-28,12,False
P-0900,2025-11-29,5,False
P-0900,2025-11-30,10,False
P-0900,2025-12-01,3,False
P-0900,2025-12-02,4,False
P-0900,2025-12-03,3,False
P-0900,2025-12-04,4,False
P-0900,2025-12-05,11,False
P-0900,2025-12-06,8,False
P-0900,2025-12-07,9,False
P-0900,2025-12-08,3,False
P-0900,2025-12-09,4,False
P-0900,2025-12-10,6,False
P-0900,2025-12-11,5,False
P-0900,2025-12-12,7,False
P-0900,2025-12-13,4,False
P-0900,2025-12-14,10,False
P-0900,2025-12-15,7,False
P-0900,2025-12-16,6,False
P-0900,2025-12-17,8,False
P-0900,2025-12-18,6,False
P-0900,2025-12-19,4,False
P-0900,2025-12-20,6,False
P-0900,2025-12-21,3,False
P-0900,2025-12-22,4,False
P-0900,2025-12-23,3,False
P-0900,2025-12-24,6,False
P-0900,2025-12-25,3,False
P-0900,2025-12-26,5,False
P-0900,2025-12-27,5,False
P-0900,2025-12-28,4,False
P-0900,2025-12-29,4,False
P-0900,2025-12-30,5,False
P-0900,2025-12-31,3,False
P-1000,2025-01-01,4,False
P-1000,2025-01-02,7,False
P-1000,2025-01-03,5,False
P-1000,2025-01-04,4,False
P-1000,2025-01-05,6,False
P-1000,2025-01-06,7,False
P-1000,2025-01-07,6,False
P-1000,2025-01-08,5,False
P-1000,2025-01-09,6,False
P-1000,2025-01-10,9,False
P-1000,2025-01-11,4,False
P-1000,2025-01-12,11,False
P-1000,2025-01-13,9,False
P-1000,2025-01-14,6,False
P-1000,2025-01-15,7,False
P-1000,2025-01-16,8,False
P-1000,2025-01-17,6,False
P-1000,2025-01-18,4,False
P-1000,2025-01-19,6,False
P-1000,2025-01-20,7,False
P-1000,2025-01-21,7,False
P-1000,2025-01-22,8,False
P-1000,2025-01-23,6,False
P-1000,2025-01-24,9,False
P-1000,2025-01-25,9,False
P-1000,2025-01-26,2,False
P-1000,2025-01-27,5,False
P-1000,2025-01-28,6,False
P-1000,2025-01-29,8,False
P-1000,2025-01-30,2,False
P-1000,2025-01-31,8,False
P-1000,2025-02-01,5,False
P-1000,2025-02-02,7,False
P-1000,2025-02-03,8,False
P-1000,2025-02-04,9,False
P-1000,2025-02-05,7,False
P-1000,2025-02-06,4,False
P-1000,2025-02-07,4,False
P-1000,2025-02-08,4,False
P-1000,2025-02-09,5,False
P-1000,2025-02-10,6,False
P-1000,2025-02-11,9,False
P-1000,2025-02-12,9,False
P-1000,2025-02-13,2,False
P-1000,2025-02-14,6,False
P-1000,2025-02-15,5,False
P-1000,2025-02-16,6,False
P-1000,2025-02-17,5,False
P-1000,2025-02-18,1,False
P-1000,2025-02-19,6,False
P-1000,2025-02-20,5,False
P-1000,2025-02-21,8,False
P-1000,2025-02-22,7,False
P-1000,2025-02-23,6,False
P-1000,2025-02-24,3,False
P-1000,2025-02-25,9,False
P-1000,2025-02-26,6,False
P-1000,2025-02-27,5,False
P-1000,2025-02-28,3,False
P-1000,2025-03-01,2,False
P-1000,2025-03-02,7,False
P-1000,2025-03-03,5,False
P-1000,2025-03-04,2,False
P-1000,2025-03-05,8,False
P-1000,2025-03-06,2,False
P-1000,2025-03-07,2,False
P-1000,2025-03-08,8,False
P-1000,2025-03-09,5,False
P-1000,2025-03-10,6,False
P-1000,2025-03-11,5,False
P-1000,2025-03-12,11,False
P-1000,2025-03-13,6,False
P-1000,2025-03-14,7,False
P-1000,2025-03-15,7,False
P-1000,2025-03-16,10,False
P-1000,2025-03-17,4,False
P-1000,2025-03-18,7,False
P-1000,2025-03-19,6,False
P-1000,2025-03-20,5,False
P-1000,2025-03-21,4,False
P-1000,2025-03-22,5,False
P-1000,2025-03-23,4,False
P-1000,2025-03-24,5,False
P-1000,2025-03-25,4,False
P-1000,2025-03-26,5,False
P-1000,2025-03-27,10,False
P-1000,2025-03-28,6,False
P-1000,2025-03-29,7,False
P-1000,2025-03-30,7,False
P-1000,2025-03-31,8,False
P-1000,2025-04-01,3,False
P-1000,2025-04-02,3,False
P-1000,2025-04-03,9,False
P-1000,2025-04-04,5,False
P-1000,2025-04-05,6,False
P-1000,2025-04-06,5,False
P-1000,2025-04-07,5,False
P-1000,2025-04-08,6,False
P-1000,2025-04-09,7,False
P-1000,2025-04-10,5,False
P-1000,2025-04-11,3,False
P-1000,2025-04-12,6,False
P-1000,2025-04-13,3,False
P-1000,2025-04-14,4,False
P-1000,2025-04-15,6,False
P-1000,2025-04-16,3,False
P-1000,2025-04-17,4,False
P-1000,2025-04-18,10,False
P-1000,2025-04-19,7,False
P-1000,2025-04-20,9,False
P-1000,2025-04-21,7,False
P-1000,2025-04-22,8,False
P-1000,2025-04-23,9,False
P-1000,2025-04-24,3,False
P-1000,2025-04-25,6,False
P-1000,2025-04-26,8,False
P-1000,2025-04-27,11,False
P-1000,2025-04-28,7,False
P-1000,2025-04-29,1,False
P-1000,2025-04-30,4,False
P-1000,2025-05-01,3,False
P-1000,2025-05-02,4,False
P-1000,2025-05-03,8,False
P-1000,2025-05-04,7,False
P-1000,2025-05-05,7,False
P-1000,2025-05-06,6,False
P-1000,2025-05-07,5,False
P-1000,2025-05-08,7,False
P-1000,2025-05-09,9,False
P-1000,2025-05-10,8,False
P-1000,2025-05-11,4,False
P-1000,2025-05-12,3,False
P-1000,2025-05-13,10,False
P-1000,2025-05-14,4,False
P-1000,2025-05-15,10,False
P-1000,2025-05-16,6,False
P-1000,2025-05-17,5,False
P-1000,2025-05-18,5,False
P-1000,2025-05-19,5,False
P-1000,2025-05-20,6,False
P-1000,2025-05-21,3,False
P-1000,2025-05-22,7,False
P-1000,2025-05-23,8,False
P-1000,2025-05-24,8,False
P-1000,2025-05-25,8,False
P-1000,2025-05-26,4,False
P-1000,2025-05-27,7,False
P-1000,2025-05-28,6,False
P-1000,2025-05-29,6,False
P-1000,2025-05-30,6,False
P-1000,2025-05-31,8,False
P-1000,2025-06-01,3,False
P-1000,2025-06-02,9,False
P-1000,2025-06-03,3,False
P-1000,2025-06-04,6,False
P-1000,2025-06-05,9,False
P-1000,2025-06-06,6,False
P-1000,2025-06-07,5,False
P-1000,2025-06-08,5,False
P-1000,2025-06-09,7,False
P-1000,2025-06-10,5,False
P-1000,2025-06-11,5,False
P-1000,2025-06-12,8,False
P-1000,2025-06-13,5,False
P-1000,2025-06-14,5,False
P-1000,2025-06-15,8,False
P-1000,2025-06-16,8,False
P-1000,2025-06-17,5,False
P-1000,2025-06-18,5,False
P-1000,2025-06-19,9,False
P-1000,2025-06-20,9,False
P-1000,2025-06-21,6,False
P-1000,2025-06-22,5,False
P-1000,2025-06-23,10,False
P-1000,2025-06-24,4,False
P-1000,2025-06-25,2,False
P-1000,2025-06-26,5,False
P-1000,2025-06-27,6,False
P-1000,2025-06-28,8,False
P-1000,2025-06-29,3,False
P-1000,2025-06-30,6,False
P-1000,2025-07-01,7,False
P-1000,2025-07-02,6,False
P-1000,2025-07-03,7,False
P-1000,2025-07-04,2,False
P-1000,2025-07-05,5,False
P-1000,2025-07-06,9,False
P-1000,2025-07-07,7,False
P-1000,2025-07-08,6,False
P-1000,2025-07-09,5,False
P-1000,2025-07-10,9,False
P-1000,2025-07-11,7,False
P-1000,2025-07-12,5,False
P-1000,2025-07-13,3,False
P-1000,2025-07-14,9,False
P-1000,2025-07-15,11,False
P-1000,2025-07-16,2,False
P-1000,2025-07-17,7,False
P-1000,2025-07-18,3,False
P-1000,2025-07-19,4,False
P-1000,2025-07-20,5,False
P-1000,2025-07-21,3,False
P-1000,2025-07-22,3,False
P-1000,2025-07-23,5,False
P-1000,2025-07-24,8,False
P-1000,2025-07-25,7,False
P-1000,2025-07-26,6,False
P-1000,2025-07-27,8,False
P-1000,2025-07-28,1,False
P-1000,2025-07-29,6,False
P-1000,2025-07-30,10,False
P-1000,2025-07-31,8,False
P-1000,2025-08-01,3,False
P-1000,2025-08-02,4,False
P-1000,2025-08-03,5,False
P-1000,2025-08-04,6,False
P-1000,2025-08-05,6,False
P-1000,2025-08-06,9,False
P-1000,2025-08-07,6,False
P-1000,2025-08-08,3,False
P-1000,2025-08-09,6,False
P-1000,2025-08-10,5,False
P-1000,2025-08-11,9,False
P-1000,2025-08-12,7,False
P-1000,2025-08-13,9,False
P-1000,2025-08-14,1,False
P-1000,2025-08-15,7,False
P-1000,2025-08-16,10,False
P-1000,2025-08-17,5,False
P-1000,2025-08-18,6,False
P-1000,2025-08-19,8,False
P-1000,2025-08-20,6,False
P-1000,2025-08-21,7,False
P-1000,2025-08-22,2,False
P-1000,2025-08-23,4,False
P-1000,2025-08-24,3,False
P-1000,2025-08-25,6,False
P-1000,2025-08-26,9,False
P-1000,2025-08-27,2,False
P-1000,2025-08-28,7,False
P-1000,2025-08-29,5,False
P-1000,2025-08-30,4,False
P-1000,2025-08-31,11,False
P-1000,2025-09-01,4,False
P-1000,2025-09-02,2,False
P-1000,2025-09-03,6,False
P-1000,2025-09-04,4,False
P-1000,2025-09-05,8,False
P-1000,2025-09-06,5,False
P-1000,2025-09-07,8,False
P-1000,2025-09-08,7,False
P-1000,2025-09-09,10,False
P-1000,2025-09-10,5,False
P-1000,2025-09-11,4,False
P-1000,2025-09-12,6,False
P-1000,2025-09-13,5,False
P-1000,2025-09-14,3,False
P-1000,2025-09-15,5,False
P-1000,2025-09-16,5,False
P-1000,2025-09-17,7,False
P-1000,2025-09-18,3,False
P-1000,2025-09-19,6,False
P-1000,2025-09-20,4,False
P-1000,2025-09-21,3,False
P-1000,2025-09-22,3,False
P-1000,2025-09-23,2,False
P-1000,2025-09-24,4,False
P-1000,2025-09-25,7,False
P-1000,2025-09-26,7,False
P-1000,2025-09-27,4,False
P-1000,2025-09-28,5,False
P-1000,2025-09-29,8,False
P-1000,2025-09-30,5,False
P-1000,2025-10-01,6,False
P-1000,2025-10-02,9,False
P-1000,2025-10-03,7,False
P-1000,2025-10-04,8,False
P-1000,2025-10-05,8,False
P-1000,2025-10-06,4,False
P-1000,2025-10-07,7,False
P-1000,2025-10-08,12,False
P-1000,2025-10-09,8,False
P-1000,2025-10-10,3,False
P-1000,2025-10-11,2,False
P-1000,2025-10-12,8,False
P-1000,2025-10-13,12,False
P-1000,2025-10-14,6,False
P-1000,2025-10-15,5,False
P-1000,2025-10-16,5,False
P-1000,2025-10-17,9,False
P-1000,2025-10-18,7,False
P-1000,2025-10-19,2,False
P-1000,2025-10-20,6,False
P-1000,2025-10-21,1,False
P-1000,2025-10-22,5,False
P-1000,2025-10-23,4,False
P-1000,2025-10-24,5,False
P-1000,2025-10-25,9,False
P-1000,2025-10-26,4,False
P-1000,2025-10-27,4,False
P-1000,2025-10-28,9,False
P-1000,2025-10-29,4,False
P-1000,2025-10-30,4,False
P-1000,2025-10-31,6,False
P-1000,2025-11-01,5,False
P-1000,2025-11-02,6,False
P-1000,2025-11-03,3,False
P-1000,2025-11-04,6,False
P-1000,2025-11-05,4,False
P-1000,2025-11-06,9,False
P-1000,2025-11-07,4,False
P-1000,2025-11-08,6,False
P-1000,2025-11-09,6,False
P-1000,2025-11-10,5,False
P-1000,2025-11-11,8,False
P-1000,2025-11-12,6,False
P-1000,2025-11-13,5,False
P-1000,2025-11-14,9,False
P-1000,2025-11-15,5,False
P-1000,2025-11-16,5,False
P-1000,2025-11-17,5,False
P-1000,2025-11-18,7,False
P-1000,2025-11-19,5,False
P-1000,2025-11-20,13,False
P-1000,2025-11-21,14,False
P-1000,2025-11-22,9,False
P-1000,2025-11-23,5,False
P-1000,2025-11-24,7,False
P-1000,2025-11-25,5,False
P-1000,2025-11-26,8,False
P-1000,2025-11-27,6,False
P-1000,2025-11-28,13,False
P-1000,2025-11-29,4,False
P-1000,2025-11-30,8,False
P-1000,2025-12-01,5,False
P-1000,2025-12-02,9,False
P-1000,2025-12-03,10,False
P-1000,2025-12-04,5,False
P-1000,2025-12-05,4,False
P-1000,2025-12-06,4,False
P-1000,2025-12-07,4,False
P-1000,2025-12-08,8,False
P-1000,2025-12-09,5,False
P-1000,2025-12-10,9,False
P-1000,2025-12-11,9,False
P-1000,2025-12-12,4,False
P-1000,2025-12-13,9,False
P-1000,2025-12-14,7,False
P-1000,2025-12-15,6,False
P-1000,2025-12-16,7,False
P-1000,2025-12-17,6,False
P-1000,2025-12-18,7,False
P-1000,2025-12-19,8,False
P-1000,2025-12-20,10,False
P-1000,2025-12-21,6,False
P-1000,2025-12-22,8,False
P-1000,2025-12-23,8,False
P-1000,2025-12-24,8,False
P-1000,2025-12-25,6,False
P-1000,2025-12-26,5,False
P-1000,2025-12-27,7,False
P-1000,2025-12-28,6,False
P-1000,2025-12-29,5,False
P-1000,2025-12-30,5,False
P-1000,2025-12-31,3,False
