datetime,discharge_cfs
2026-04-26 04:00:00,3490.0
2026-04-26 05:00:00,3460.0
2026-04-26 06:00:00,3455.0
2026-04-26 07:00:00,3450.0
2026-04-26 08:00:00,3441.6666666666665
2026-04-26 09:00:00,3441.6666666666665
2026-04-26 10:00:00,3412.5
2026-04-26 11:00:00,3380.0
2026-04-26 12:00:00,3340.0
2026-04-26 13:00:00,3340.0
2026-04-26 14:00:00,3340.0
2026-04-26 15:00:00,3330.0
2026-04-26 16:00:00,3360.0
2026-04-26 17:00:00,3384.1666666666665
2026-04-26 18:00:00,3429.1666666666665
2026-04-26 19:00:00,3442.5
2026-04-26 20:00:00,3441.6666666666665
2026-04-26 21:00:00,3445.8333333333335
2026-04-26 22:00:00,3429.1666666666665
2026-04-26 23:00:00,3412.5
2026-04-27 00:00:00,3404.1666666666665
2026-04-27 01:00:00,3400.0
2026-04-27 02:00:00,3400.0
2026-04-27 03:00:00,3395.0
2026-04-27 04:00:00,3390.0
2026-04-27 05:00:00,3350.0
2026-04-27 06:00:00,3340.0
2026-04-27 07:00:00,3340.0
2026-04-27 08:00:00,3335.0
2026-04-27 09:00:00,3315.0
2026-04-27 10:00:00,3280.0
2026-04-27 11:00:00,3280.0
2026-04-27 12:00:00,3280.0
2026-04-27 13:00:00,3280.0
2026-04-27 14:00:00,3280.0
2026-04-27 15:00:00,3305.0
2026-04-27 16:00:00,3340.0
2026-04-27 17:00:00,3355.0
2026-04-27 18:00:00,3365.0
2026-04-27 19:00:00,3400.0
2026-04-27 20:00:00,3404.1666666666665
2026-04-27 21:00:00,3408.3333333333335
2026-04-27 22:00:00,3400.0
2026-04-27 23:00:00,3400.0
2026-04-28 00:00:00,3385.0
2026-04-28 01:00:00,3370.0
2026-04-28 02:00:00,3340.0
2026-04-28 03:00:00,3335.0
2026-04-28 04:00:00,3340.0
2026-04-28 05:00:00,3285.0
2026-04-28 06:00:00,3305.0
2026-04-28 07:00:00,3295.0
2026-04-28 08:00:00,3280.0
2026-04-28 09:00:00,3285.0
2026-04-28 10:00:00,3280.0
2026-04-28 11:00:00,3280.0
2026-04-28 12:00:00,3280.0
2026-04-28 13:00:00,3285.0
2026-04-28 14:00:00,3305.0
2026-04-28 15:00:00,3305.0
2026-04-28 16:00:00,3360.0
2026-04-28 17:00:00,3437.5
2026-04-28 18:00:00,3450.0
2026-04-28 19:00:00,3420.8333333333335
2026-04-28 20:00:00,3380.0
2026-04-28 21:00:00,3340.0
2026-04-28 22:00:00,3330.0
2026-04-28 23:00:00,3330.0
2026-04-29 00:00:00,3330.0
2026-04-29 01:00:00,3325.0
2026-04-29 02:00:00,3320.0
2026-04-29 03:00:00,3330.0
2026-04-29 04:00:00,3340.0
2026-04-29 05:00:00,3370.0
2026-04-29 06:00:00,3400.0
2026-04-29 07:00:00,3412.5
2026-04-29 08:00:00,3416.6666666666665
2026-04-29 09:00:00,3408.3333333333335
2026-04-29 10:00:00,3404.1666666666665
2026-04-29 11:00:00,3404.1666666666665
2026-04-29 12:00:00,3400.0
2026-04-29 13:00:00,3400.0
2026-04-29 14:00:00,3400.0
2026-04-29 15:00:00,3400.0
2026-04-29 16:00:00,3400.0
2026-04-29 17:00:00,3400.0
2026-04-29 18:00:00,3390.0
2026-04-29 19:00:00,3395.0
2026-04-29 20:00:00,3395.0
2026-04-29 21:00:00,3395.0
2026-04-29 22:00:00,3441.6666666666665
2026-04-29 23:00:00,3450.0
2026-04-30 00:00:00,3455.0
2026-04-30 01:00:00,3505.0
2026-04-30 02:00:00,3530.0
2026-04-30 03:00:00,3510.0
2026-04-30 04:00:00,3530.0
2026-04-30 05:00:00,3585.0
2026-04-30 06:00:00,3625.0
2026-04-30 07:00:00,3640.0
2026-04-30 08:00:00,3690.0
2026-04-30 09:00:00,3690.0
2026-04-30 10:00:00,3690.0
2026-04-30 11:00:00,3715.0
2026-04-30 12:00:00,3740.0
2026-04-30 13:00:00,3780.0
2026-04-30 14:00:00,3771.6666666666665
2026-04-30 15:00:00,3737.2727272727275
2026-04-30 16:00:00,3718.181818181818
2026-04-30 17:00:00,3732.0
2026-04-30 18:00:00,3739.0
2026-04-30 19:00:00,3761.818181818182
2026-04-30 20:00:00,3748.3333333333335
2026-04-30 21:00:00,3742.0
2026-04-30 22:00:00,3694.4444444444443
2026-04-30 23:00:00,3705.0
2026-05-01 00:00:00,3659.1666666666665
2026-05-01 01:00:00,3694.1666666666665
2026-05-01 02:00:00,3706.6666666666665
2026-05-01 03:00:00,3685.0
2026-05-01 04:00:00,3660.0
2026-05-01 05:00:00,3630.0
2026-05-01 06:00:00,3615.0
2026-05-01 07:00:00,3580.0
2026-05-01 08:00:00,3555.0
2026-05-01 09:00:00,3570.0
2026-05-01 10:00:00,3540.0
2026-05-01 11:00:00,3565.0
2026-05-01 12:00:00,3570.0
2026-05-01 13:00:00,3570.0
2026-05-01 14:00:00,3590.0
2026-05-01 15:00:00,3615.0
2026-05-01 16:00:00,3595.0
2026-05-01 17:00:00,3610.0
2026-05-01 18:00:00,3620.0
2026-05-01 19:00:00,3620.0
2026-05-01 20:00:00,3625.0
2026-05-01 21:00:00,3615.0
2026-05-01 22:00:00,3575.0
2026-05-01 23:00:00,3570.0
2026-05-02 00:00:00,3550.0
2026-05-02 01:00:00,3555.0
2026-05-02 02:00:00,3550.0
2026-05-02 03:00:00,3540.0
2026-05-02 04:00:00,3515.0
2026-05-02 05:00:00,3530.0
2026-05-02 06:00:00,3520.0
2026-05-02 07:00:00,3545.0
2026-05-02 08:00:00,3565.0
2026-05-02 09:00:00,3560.0
2026-05-02 10:00:00,3530.0
2026-05-02 11:00:00,3550.0
2026-05-02 12:00:00,3580.0
2026-05-02 13:00:00,3640.0
2026-05-02 14:00:00,3655.0
2026-05-02 15:00:00,3693.3333333333335
2026-05-02 16:00:00,3719.1666666666665
2026-05-02 17:00:00,3740.0
2026-05-02 18:00:00,3750.0
2026-05-02 19:00:00,3765.0
2026-05-02 20:00:00,3770.0
2026-05-02 21:00:00,3780.0
2026-05-02 22:00:00,3785.0
2026-05-02 23:00:00,3850.0
2026-05-03 00:00:00,3880.0
2026-05-03 01:00:00,3910.0
2026-05-03 02:00:00,3905.0
2026-05-03 03:00:00,3870.0
2026-05-03 04:00:00,3865.0
2026-05-03 05:00:00,3870.0
2026-05-03 06:00:00,3910.0
2026-05-03 07:00:00,3915.0
2026-05-03 08:00:00,3900.0
2026-05-03 09:00:00,3915.0
2026-05-03 10:00:00,3920.0
2026-05-03 11:00:00,3935.0
2026-05-03 12:00:00,3900.0
2026-05-03 13:00:00,3881.818181818182
2026-05-03 14:00:00,3884.0
2026-05-03 15:00:00,3926.6666666666665
2026-05-03 16:00:00,3928.5714285714284
2026-05-03 17:00:00,4017.2727272727275
2026-05-03 18:00:00,4080.0
2026-05-03 19:00:00,4116.0
2026-05-03 20:00:00,4140.0
2026-05-03 21:00:00,4165.0
2026-05-03 22:00:00,4195.0
2026-05-03 23:00:00,4170.0
2026-05-04 00:00:00,4170.0
2026-05-04 01:00:00,4170.0
2026-05-04 02:00:00,4180.0
2026-05-04 03:00:00,4170.0
2026-05-04 04:00:00,4150.0
2026-05-04 05:00:00,4130.0
2026-05-04 06:00:00,4115.0
2026-05-04 07:00:00,4110.0
2026-05-04 08:00:00,4095.0
2026-05-04 09:00:00,4100.0
2026-05-04 10:00:00,4090.0
2026-05-04 11:00:00,4080.0
2026-05-04 12:00:00,4060.0
2026-05-04 13:00:00,4055.0
2026-05-04 14:00:00,4032.5
2026-05-04 15:00:00,4015.0
2026-05-04 16:00:00,3997.5
2026-05-04 17:00:00,3997.5
2026-05-04 18:00:00,4015.0
2026-05-04 19:00:00,4020.8333333333335
2026-05-04 20:00:00,4009.1666666666665
2026-05-04 21:00:00,3992.5
2026-05-04 22:00:00,3975.0
2026-05-04 23:00:00,3960.0
2026-05-05 00:00:00,3920.0
2026-05-05 01:00:00,3920.0
2026-05-05 02:00:00,3920.0
2026-05-05 03:00:00,3900.0
2026-05-05 04:00:00,3865.0
2026-05-05 05:00:00,3860.0
2026-05-05 06:00:00,3855.0
2026-05-05 07:00:00,3815.0
2026-05-05 08:00:00,3800.0
2026-05-05 09:00:00,3790.0
2026-05-05 10:00:00,3750.0
2026-05-05 11:00:00,3740.0
2026-05-05 12:00:00,3735.8333333333335
2026-05-05 13:00:00,3727.5
2026-05-05 14:00:00,3735.8333333333335
2026-05-05 15:00:00,3785.0
2026-05-05 16:00:00,3845.0
2026-05-05 17:00:00,3915.0
2026-05-05 18:00:00,3935.0
2026-05-05 19:00:00,3885.8333333333335
2026-05-05 20:00:00,3805.0
2026-05-05 21:00:00,3710.8333333333335
2026-05-05 22:00:00,3639.1666666666665
2026-05-05 23:00:00,3620.0
2026-05-06 00:00:00,3600.0
2026-05-06 01:00:00,3575.0
2026-05-06 02:00:00,3565.0
2026-05-06 03:00:00,3565.0
2026-05-06 04:00:00,3530.0
2026-05-06 05:00:00,3515.0
2026-05-06 06:00:00,3495.0
2026-05-06 07:00:00,3465.0
2026-05-06 08:00:00,3485.0
2026-05-06 09:00:00,3500.0
2026-05-06 10:00:00,3535.0
2026-05-06 11:00:00,3580.0
2026-05-06 12:00:00,3625.0
2026-05-06 13:00:00,3630.0
2026-05-06 14:00:00,3675.0
2026-05-06 15:00:00,3690.0
2026-05-06 16:00:00,3709.1666666666665
2026-05-06 17:00:00,3715.8333333333335
2026-05-06 18:00:00,3790.0
2026-05-06 19:00:00,3810.0
2026-05-06 20:00:00,3810.0
2026-05-06 21:00:00,3810.0
2026-05-06 22:00:00,3845.0
2026-05-06 23:00:00,3855.0
2026-05-07 00:00:00,3840.0
2026-05-07 01:00:00,3820.0
2026-05-07 02:00:00,3815.0
2026-05-07 03:00:00,3770.0
2026-05-07 04:00:00,3731.6666666666665
2026-05-07 05:00:00,3698.3333333333335
2026-05-07 06:00:00,3690.0
2026-05-07 07:00:00,3680.0
2026-05-07 08:00:00,3680.0
2026-05-07 09:00:00,3685.0
2026-05-07 10:00:00,3680.0
2026-05-07 11:00:00,3630.0
2026-05-07 12:00:00,3630.0
2026-05-07 13:00:00,3625.0
2026-05-07 14:00:00,3615.0
2026-05-07 15:00:00,3595.0
2026-05-07 16:00:00,3570.0
2026-05-07 17:00:00,3570.0
2026-05-07 18:00:00,3565.0
2026-05-07 19:00:00,3515.0
2026-05-07 20:00:00,3510.0
2026-05-07 21:00:00,3515.0
2026-05-07 22:00:00,3510.0
2026-05-07 23:00:00,3480.0
2026-05-08 00:00:00,3450.0
2026-05-08 01:00:00,3450.0
2026-05-08 02:00:00,3425.0
2026-05-08 03:00:00,3404.1666666666665
2026-05-08 04:00:00,3395.0
2026-05-08 05:00:00,3385.0
2026-05-08 06:00:00,3350.0
2026-05-08 07:00:00,3335.0
2026-05-08 08:00:00,3310.0
2026-05-08 09:00:00,3335.0
2026-05-08 10:00:00,3335.0
2026-05-08 11:00:00,3335.0
2026-05-08 12:00:00,3335.0
2026-05-08 13:00:00,3315.0
2026-05-08 14:00:00,3300.0
2026-05-08 15:00:00,3285.8333333333335
2026-05-08 16:00:00,3250.8333333333335
2026-05-08 17:00:00,3236.6666666666665
2026-05-08 18:00:00,3233.3333333333335
2026-05-08 19:00:00,3241.6666666666665
2026-05-08 20:00:00,3238.3333333333335
2026-05-08 21:00:00,3234.1666666666665
2026-05-08 22:00:00,3267.5
2026-05-08 23:00:00,3242.5
2026-05-09 00:00:00,3230.0
2026-05-09 01:00:00,3230.0
2026-05-09 02:00:00,3210.0
2026-05-09 03:00:00,3165.8333333333335
2026-05-09 04:00:00,3149.1666666666665
2026-05-09 05:00:00,3105.0
2026-05-09 06:00:00,3065.0
2026-05-09 07:00:00,3043.3333333333335
2026-05-09 08:00:00,3039.1666666666665
2026-05-09 09:00:00,3030.8333333333335
2026-05-09 10:00:00,3030.8333333333335
2026-05-09 11:00:00,3051.6666666666665
2026-05-09 12:00:00,3070.0
2026-05-09 13:00:00,3115.0
2026-05-09 14:00:00,3115.0
2026-05-09 15:00:00,3110.0
2026-05-09 16:00:00,3115.0
2026-05-09 17:00:00,3120.0
2026-05-09 18:00:00,3090.0
2026-05-09 19:00:00,3085.0
2026-05-09 20:00:00,3100.0
2026-05-09 21:00:00,3070.0
2026-05-09 22:00:00,3051.6666666666665
2026-05-09 23:00:00,3014.1666666666665
2026-05-10 00:00:00,3005.8333333333335
2026-05-10 01:00:00,3001.6666666666665
2026-05-10 02:00:00,2993.3333333333335
2026-05-10 03:00:00,2993.3333333333335
2026-05-10 04:00:00,2960.0
2026-05-10 05:00:00,2960.0
2026-05-10 06:00:00,2960.0
2026-05-10 07:00:00,2960.0
2026-05-10 08:00:00,2960.0
2026-05-10 09:00:00,2955.0
2026-05-10 10:00:00,2950.0
2026-05-10 11:00:00,2945.0
2026-05-10 12:00:00,2955.0
2026-05-10 13:00:00,2945.0
2026-05-10 14:00:00,2935.0
2026-05-10 15:00:00,2900.0
2026-05-10 16:00:00,2900.0
2026-05-10 17:00:00,2900.0
2026-05-10 18:00:00,2900.0
2026-05-10 19:00:00,2892.5
2026-05-10 20:00:00,2915.0
2026-05-10 21:00:00,2875.0
2026-05-10 22:00:00,2900.0
2026-05-10 23:00:00,2900.8333333333335
2026-05-11 00:00:00,2935.0
2026-05-11 01:00:00,2925.0
2026-05-11 02:00:00,2900.0
2026-05-11 03:00:00,2900.0
2026-05-11 04:00:00,2866.6666666666665
2026-05-11 05:00:00,2858.3333333333335
2026-05-11 06:00:00,2858.3333333333335
2026-05-11 07:00:00,2850.0
2026-05-11 08:00:00,2866.6666666666665
2026-05-11 09:00:00,2887.5
2026-05-11 10:00:00,2920.0
2026-05-11 11:00:00,2960.0
2026-05-11 12:00:00,2960.0
2026-05-11 13:00:00,2964.1666666666665
2026-05-11 14:00:00,2968.3333333333335
2026-05-11 15:00:00,2964.1666666666665
2026-05-11 16:00:00,2935.0
2026-05-11 17:00:00,2895.8333333333335
2026-05-11 18:00:00,2875.0
2026-05-11 19:00:00,2850.0
2026-05-11 20:00:00,2850.0
2026-05-11 21:00:00,2845.8333333333335
2026-05-11 22:00:00,2845.8333333333335
2026-05-11 23:00:00,2816.6666666666665
2026-05-12 00:00:00,2783.3333333333335
2026-05-12 01:00:00,2750.0
2026-05-12 02:00:00,2750.0
2026-05-12 03:00:00,2750.0
2026-05-12 04:00:00,2750.0
2026-05-12 05:00:00,2750.0
2026-05-12 06:00:00,2745.8333333333335
2026-05-12 07:00:00,2750.0
2026-05-12 08:00:00,2725.0
2026-05-12 09:00:00,2716.6666666666665
2026-05-12 10:00:00,2700.0
2026-05-12 11:00:00,2700.0
2026-05-12 12:00:00,2700.0
2026-05-12 13:00:00,2700.0
2026-05-12 14:00:00,2700.0
2026-05-12 15:00:00,2700.0
2026-05-12 16:00:00,2700.0
2026-05-12 17:00:00,2695.8333333333335
2026-05-12 18:00:00,2725.0
2026-05-12 19:00:00,2725.0
2026-05-12 20:00:00,2741.6666666666665
2026-05-12 21:00:00,2741.6666666666665
2026-05-12 22:00:00,2725.0
2026-05-12 23:00:00,2708.3333333333335
2026-05-13 00:00:00,2700.0
2026-05-13 01:00:00,2675.0
2026-05-13 02:00:00,2666.6666666666665
2026-05-13 03:00:00,2658.3333333333335
2026-05-13 04:00:00,2650.0
2026-05-13 05:00:00,2629.1666666666665
2026-05-13 06:00:00,2591.6666666666665
2026-05-13 07:00:00,2562.5
2026-05-13 08:00:00,2554.1666666666665
2026-05-13 09:00:00,2533.3333333333335
2026-05-13 10:00:00,2495.8333333333335
2026-05-13 11:00:00,2495.8333333333335
2026-05-13 12:00:00,2495.8333333333335
2026-05-13 13:00:00,2533.3333333333335
2026-05-13 14:00:00,2554.1666666666665
2026-05-13 15:00:00,2566.6666666666665
2026-05-13 16:00:00,2575.0
2026-05-13 17:00:00,2583.3333333333335
2026-05-13 18:00:00,2595.8333333333335
2026-05-13 19:00:00,2604.1666666666665
2026-05-13 20:00:00,2600.0
2026-05-13 21:00:00,2583.3333333333335
2026-05-13 22:00:00,2604.1666666666665
2026-05-13 23:00:00,2608.3333333333335
2026-05-14 00:00:00,2608.3333333333335
2026-05-14 01:00:00,2637.5
2026-05-14 02:00:00,2687.5
2026-05-14 03:00:00,2704.1666666666665
2026-05-14 04:00:00,2737.5
2026-05-14 05:00:00,2787.5
2026-05-14 06:00:00,2795.8333333333335
2026-05-14 07:00:00,2795.8333333333335
2026-05-14 08:00:00,2766.6666666666665
2026-05-14 09:00:00,2745.8333333333335
2026-05-14 10:00:00,2729.1666666666665
2026-05-14 11:00:00,2770.8333333333335
2026-05-14 12:00:00,2800.0
2026-05-14 13:00:00,2770.8333333333335
2026-05-14 14:00:00,2737.5
2026-05-14 15:00:00,2750.0
2026-05-14 16:00:00,2750.0
2026-05-14 17:00:00,2770.8333333333335
2026-05-14 18:00:00,2783.3333333333335
2026-05-14 19:00:00,2775.0
2026-05-14 20:00:00,2804.1666666666665
2026-05-14 21:00:00,2820.8333333333335
2026-05-14 22:00:00,2791.6666666666665
2026-05-14 23:00:00,2795.8333333333335
2026-05-15 00:00:00,2800.0
2026-05-15 01:00:00,2762.5
2026-05-15 02:00:00,2725.0
2026-05-15 03:00:00,2695.8333333333335
2026-05-15 04:00:00,2750.0
2026-05-15 05:00:00,2750.0
2026-05-15 06:00:00,2745.8333333333335
2026-05-15 07:00:00,2741.6666666666665
2026-05-15 08:00:00,2704.1666666666665
2026-05-15 09:00:00,2683.3333333333335
2026-05-15 10:00:00,2650.0
2026-05-15 11:00:00,2637.5
2026-05-15 12:00:00,2570.8333333333335
2026-05-15 13:00:00,2520.8333333333335
2026-05-15 14:00:00,2554.1666666666665
2026-05-15 15:00:00,2562.5
2026-05-15 16:00:00,2600.0
2026-05-15 17:00:00,2625.0
2026-05-15 18:00:00,2650.0
2026-05-15 19:00:00,2650.0
2026-05-15 20:00:00,2683.3333333333335
2026-05-15 21:00:00,2695.8333333333335
2026-05-15 22:00:00,2675.0
2026-05-15 23:00:00,2650.0
2026-05-16 00:00:00,2604.1666666666665
2026-05-16 01:00:00,2587.5
2026-05-16 02:00:00,2550.0
2026-05-16 03:00:00,2550.0
2026-05-16 04:00:00,2525.0
2026-05-16 05:00:00,2504.1666666666665
2026-05-16 06:00:00,2500.0
2026-05-16 07:00:00,2500.0
2026-05-16 08:00:00,2500.0
2026-05-16 09:00:00,2500.0
2026-05-16 10:00:00,2500.0
2026-05-16 11:00:00,2500.0
2026-05-16 12:00:00,2500.0
2026-05-16 13:00:00,2508.3333333333335
2026-05-16 14:00:00,2525.0
2026-05-16 15:00:00,2545.8333333333335
2026-05-16 16:00:00,2533.3333333333335
2026-05-16 17:00:00,2533.3333333333335
2026-05-16 18:00:00,2537.5
2026-05-16 19:00:00,2550.0
2026-05-16 20:00:00,2529.1666666666665
2026-05-16 21:00:00,2545.8333333333335
2026-05-16 22:00:00,2541.6666666666665
2026-05-16 23:00:00,2529.1666666666665
2026-05-17 00:00:00,2516.6666666666665
2026-05-17 01:00:00,2504.1666666666665
2026-05-17 02:00:00,2495.8333333333335
2026-05-17 03:00:00,2500.0
2026-05-17 04:00:00,2500.0
2026-05-17 05:00:00,2479.1666666666665
2026-05-17 06:00:00,2479.1666666666665
2026-05-17 07:00:00,2462.5
2026-05-17 08:00:00,2462.5
2026-05-17 09:00:00,2479.1666666666665
2026-05-17 10:00:00,2479.1666666666665
2026-05-17 11:00:00,2500.0
2026-05-17 12:00:00,2500.0
2026-05-17 13:00:00,2500.0
2026-05-17 14:00:00,2500.0
2026-05-17 15:00:00,2508.3333333333335
2026-05-17 16:00:00,2537.5
2026-05-17 17:00:00,2541.6666666666665
2026-05-17 18:00:00,2550.0
2026-05-17 19:00:00,2579.1666666666665
2026-05-17 20:00:00,2595.8333333333335
2026-05-17 21:00:00,2600.0
2026-05-17 22:00:00,2600.0
2026-05-17 23:00:00,2600.0
2026-05-18 00:00:00,2566.6666666666665
2026-05-18 01:00:00,2550.0
2026-05-18 02:00:00,2550.0
2026-05-18 03:00:00,2541.6666666666665
2026-05-18 04:00:00,2512.5
2026-05-18 05:00:00,2500.0
2026-05-18 06:00:00,2500.0
2026-05-18 07:00:00,2495.8333333333335
2026-05-18 08:00:00,2466.6666666666665
2026-05-18 09:00:00,2450.0
2026-05-18 10:00:00,2450.0
2026-05-18 11:00:00,2450.0
2026-05-18 12:00:00,2450.0
2026-05-18 13:00:00,2450.0
2026-05-18 14:00:00,2450.0
2026-05-18 15:00:00,2429.1666666666665
2026-05-18 16:00:00,2400.0
2026-05-18 17:00:00,2425.0
2026-05-18 18:00:00,2437.5
2026-05-18 19:00:00,2445.8333333333335
2026-05-18 20:00:00,2441.6666666666665
2026-05-18 21:00:00,2437.5
2026-05-18 22:00:00,2433.3333333333335
2026-05-18 23:00:00,2404.1666666666665
2026-05-19 00:00:00,2425.0
2026-05-19 01:00:00,2450.0
2026-05-19 02:00:00,2450.0
2026-05-19 03:00:00,2450.0
2026-05-19 04:00:00,2412.5
2026-05-19 05:00:00,2375.0
2026-05-19 06:00:00,2350.0
2026-05-19 07:00:00,2340.909090909091
2026-05-19 08:00:00,2321.4285714285716
2026-05-19 09:00:00,2308.3333333333335
2026-05-19 10:00:00,2304.1666666666665
2026-05-19 11:00:00,2300.0
2026-05-19 12:00:00,2300.0
2026-05-19 13:00:00,2268.3333333333335
2026-05-19 14:00:00,2180.8333333333335
2026-05-19 15:00:00,2160.0
2026-05-19 16:00:00,2143.3333333333335
2026-05-19 17:00:00,2153.3333333333335
2026-05-19 18:00:00,2157.5
2026-05-19 19:00:00,2153.3333333333335
2026-05-19 20:00:00,2165.8333333333335
2026-05-19 21:00:00,2276.6666666666665
2026-05-19 22:00:00,2290.8333333333335
2026-05-19 23:00:00,2300.0
2026-05-20 00:00:00,2300.0
2026-05-20 01:00:00,2300.0
2026-05-20 02:00:00,2308.3333333333335
2026-05-20 03:00:00,2308.3333333333335
2026-05-20 04:00:00,2297.5
2026-05-20 05:00:00,2270.0
2026-05-20 06:00:00,2243.3333333333335
2026-05-20 07:00:00,2210.0
2026-05-20 08:00:00,2164.1666666666665
2026-05-20 09:00:00,2156.6666666666665
2026-05-20 10:00:00,2146.6666666666665
2026-05-20 11:00:00,2123.3333333333335
2026-05-20 12:00:00,2133.3333333333335
2026-05-20 13:00:00,2136.6666666666665
2026-05-20 14:00:00,2156.6666666666665
2026-05-20 15:00:00,2140.0
2026-05-20 16:00:00,2120.0
2026-05-20 17:00:00,2123.3333333333335
2026-05-20 18:00:00,2130.0
2026-05-20 19:00:00,2143.3333333333335
2026-05-20 20:00:00,2069.090909090909
2026-05-20 21:00:00,2084.1666666666665
2026-05-20 22:00:00,2160.0
2026-05-20 23:00:00,2205.8333333333335
2026-05-21 00:00:00,2258.3333333333335
2026-05-21 01:00:00,2326.6666666666665
2026-05-21 02:00:00,2420.8333333333335
2026-05-21 03:00:00,2550.0
2026-05-21 04:00:00,2675.0
2026-05-21 05:00:00,3009.1666666666665
2026-05-21 06:00:00,3048.3333333333335
2026-05-21 07:00:00,2925.0
2026-05-21 08:00:00,2825.0
2026-05-21 09:00:00,2795.8333333333335
2026-05-21 10:00:00,2795.8333333333335
2026-05-21 11:00:00,2800.0
2026-05-21 12:00:00,2825.0
2026-05-21 13:00:00,2804.1666666666665
2026-05-21 14:00:00,2737.5
2026-05-21 15:00:00,2704.1666666666665
2026-05-21 16:00:00,2770.8333333333335
2026-05-21 17:00:00,2804.1666666666665
2026-05-21 18:00:00,2800.0
2026-05-21 19:00:00,2762.5
2026-05-21 20:00:00,2766.6666666666665
2026-05-21 21:00:00,2787.5
2026-05-21 22:00:00,2800.0
2026-05-21 23:00:00,2825.0
2026-05-22 00:00:00,2850.0
2026-05-22 01:00:00,2850.0
2026-05-22 02:00:00,2845.8333333333335
2026-05-22 03:00:00,2850.0
2026-05-22 04:00:00,2845.8333333333335
2026-05-22 05:00:00,2850.0
2026-05-22 06:00:00,2854.1666666666665
2026-05-22 07:00:00,2850.0
2026-05-22 08:00:00,2850.0
2026-05-22 09:00:00,2850.0
2026-05-22 10:00:00,2883.3333333333335
2026-05-22 11:00:00,2895.8333333333335
2026-05-22 12:00:00,2930.0
2026-05-22 13:00:00,2960.0
2026-05-22 14:00:00,3010.0
2026-05-22 15:00:00,3043.3333333333335
2026-05-22 16:00:00,3060.0
2026-05-22 17:00:00,3080.0
2026-05-22 18:00:00,3115.0
2026-05-22 19:00:00,3115.0
2026-05-22 20:00:00,3153.3333333333335
2026-05-22 21:00:00,3185.0
2026-05-22 22:00:00,3230.0
2026-05-22 23:00:00,3238.3333333333335
2026-05-23 00:00:00,3271.6666666666665
2026-05-23 01:00:00,3355.0
2026-05-23 02:00:00,3476.6666666666665
2026-05-23 03:00:00,3620.0
2026-05-23 04:00:00,3782.5
2026-05-23 05:00:00,3971.6666666666665
2026-05-23 06:00:00,4150.0
2026-05-23 07:00:00,4280.833333333333
2026-05-23 08:00:00,4417.5
2026-05-23 09:00:00,4602.5
2026-05-23 10:00:00,4747.5
2026-05-23 11:00:00,4880.0
2026-05-23 12:00:00,5006.666666666667
2026-05-23 13:00:00,5161.666666666667
2026-05-23 14:00:00,5301.666666666667
2026-05-23 15:00:00,5441.666666666667
2026-05-23 16:00:00,5599.166666666667
2026-05-23 17:00:00,5797.5
2026-05-23 18:00:00,5965.0
2026-05-23 19:00:00,6046.666666666667
2026-05-23 20:00:00,6190.0
2026-05-23 21:00:00,6276.666666666667
2026-05-23 22:00:00,6384.166666666667
2026-05-23 23:00:00,6490.833333333333
2026-05-24 00:00:00,6676.666666666667
2026-05-24 01:00:00,6875.0
2026-05-24 02:00:00,7176.666666666667
2026-05-24 03:00:00,7463.333333333333
2026-05-24 04:00:00,7803.333333333333
2026-05-24 05:00:00,8228.333333333334
2026-05-24 06:00:00,8715.833333333334
2026-05-24 07:00:00,9352.5
2026-05-24 08:00:00,10309.166666666666
2026-05-24 09:00:00,12050.0
2026-05-24 10:00:00,13883.333333333334
2026-05-24 11:00:00,15241.666666666666
2026-05-24 12:00:00,15900.0
2026-05-24 13:00:00,16216.666666666666
2026-05-24 14:00:00,16591.666666666668
2026-05-24 15:00:00,17158.333333333332
2026-05-24 16:00:00,17808.333333333332
2026-05-24 17:00:00,18841.666666666668
2026-05-24 18:00:00,20275.0
2026-05-24 19:00:00,22166.666666666668
2026-05-24 20:00:00,24391.666666666668
2026-05-24 21:00:00,26791.666666666668
2026-05-24 22:00:00,29108.333333333332
2026-05-24 23:00:00,31241.666666666668
2026-05-25 00:00:00,33133.333333333336
2026-05-25 01:00:00,34741.666666666664
2026-05-25 02:00:00,36066.666666666664
2026-05-25 03:00:00,37233.333333333336
2026-05-25 04:00:00,38266.666666666664
2026-05-25 05:00:00,39183.333333333336
2026-05-25 06:00:00,39941.666666666664
2026-05-25 07:00:00,40550.0
2026-05-25 08:00:00,41041.666666666664
2026-05-25 09:00:00,41408.333333333336
2026-05-25 10:00:00,41650.0
2026-05-25 11:00:00,41800.0
2026-05-25 12:00:00,41816.666666666664
2026-05-25 13:00:00,41716.666666666664
2026-05-25 14:00:00,41591.666666666664
2026-05-25 15:00:00,41375.0
2026-05-25 16:00:00,41075.0
2026-05-25 17:00:00,40708.333333333336
2026-05-25 18:00:00,40300.0
2026-05-25 19:00:00,39825.0
2026-05-25 20:00:00,39341.666666666664
2026-05-25 21:00:00,38875.0
2026-05-25 22:00:00,38333.333333333336
2026-05-25 23:00:00,37833.333333333336
2026-05-26 00:00:00,37225.0
2026-05-26 01:00:00,36708.333333333336
2026-05-26 02:00:00,36225.0
2026-05-26 03:00:00,35675.0
2026-05-26 04:00:00,35158.333333333336
2026-05-26 05:00:00,34658.333333333336
2026-05-26 06:00:00,34141.666666666664
2026-05-26 07:00:00,33675.0
2026-05-26 08:00:00,33200.0
2026-05-26 09:00:00,32766.666666666668
2026-05-26 10:00:00,32325.0
2026-05-26 11:00:00,31891.666666666668
2026-05-26 12:00:00,31491.666666666668
2026-05-26 13:00:00,31133.333333333332
2026-05-26 14:00:00,30800.0
2026-05-26 15:00:00,30383.333333333332
2026-05-26 16:00:00,30100.0
2026-05-26 17:00:00,29754.545454545456
